date, heat_units, rain, erain, total_irrig, tot_eff_irrig, etc, ety, et0, etcp, rzone, available, days_left, deficit_current, rzm, rzm_source, fcap, profile, deficit_want, refill, et0_forecast_yr, original_unit_system
2017-08-01, 0, 0, 0, 0, 0, 0.82, 0.68, 6.8, 0, 500, 48.83, 30.00, 4.57, 128.93, software, 133.5, 0, 40, 80.1, 1.15, si
2017-08-02, 0, 1, 0, 0, 0, 0.82, 0.68, 6.8, 0, 500, 48.01, 30.00, 5.39, 128.11, software, 133.5, 0, 40, 80.1, 1.24, si
2017-08-03, 0, 0.2, 0, 0, 0, 0.82, 0.68, 6.8, 0, 500, 47.19, 30.00, 6.21, 127.29, software, 133.5, 0, 40, 80.1, 1.23, si
2017-08-04, 0, 0, 0, 0, 0, 0.82, 0.68, 6.8, 0, 500, 46.37, 30.00, 7.03, 126.47, software, 133.5, 0, 40, 80.1, 1.92, si
2017-08-05, 0, 0, 0, 0, 0, 0.82, 0.68, 6.8, 0, 500, 45.55, 30.00, 7.85, 125.65, software, 133.5, 0, 40, 80.1, 1.74, si
2017-08-06, 0, 0, 0, 0, 0, 0.82, 0.68, 6.8, 0, 500, 44.73, 30.00, 8.67, 124.83, software, 133.5, 0, 40, 80.1, 1.6, si
2017-08-07, 0.8, 0, 0, 0, 0, 0.82, 0.68, 6.8, 0, 500, 43.91, 30.00, 9.49, 124.01, software, 133.5, 0, 40, 80.1, 1.57, si
2017-08-08, 2.75, 0, 0, 0, 0, 0.82, 0.68, 6.8, 0, 500, 43.09, 30.00, 10.31, 123.19, software, 133.5, 0, 40, 80.1, 1.31, si
2017-08-09, 1.25, 0, 0, 0, 0, 0.82, 0.68, 6.8, 0, 500, 42.27, 30.00, 11.13, 122.37, software, 133.5, 0, 40, 80.1, 1.11, si
2017-08-10, 0, 0, 0, 0, 0, 0.82, 0.68, 6.8, 0, 500, 41.45, 30.00, 11.95, 121.55, software, 133.5, 0, 40, 80.1, 0.97, si
2017-08-11, 0, 12.2, 3.6, 0, 0, 0.82, 0.68, 6.8, 0, 500, 44.23, 30.00, 9.17, 124.33, software, 133.5, 0, 40, 80.1, 1.21, si
2017-08-12, 0, 0, 0, 0, 0, 0.82, 0.68, 6.8, 0, 500, 43.41, 30.00, 9.99, 123.51, software, 133.5, 0, 40, 80.1, 1.4, si
2017-08-13, 0, 0, 0, 0, 0, 0.82, 0.68, 6.8, 0, 500, 42.59, 30.00, 10.81, 122.69, software, 133.5, 0, 40, 80.1, 1.67, si
2017-08-14, 0.95, 0, 0, 0, 0, 0.82, 0.68, 6.8, 0, 500, 41.77, 30.00, 11.63, 121.87, software, 133.5, 0, 40, 80.1, 1.8, si
2017-08-15, 0, 2.4, 0, 0, 0, 0.82, 0.68, 6.8, 0, 500, 40.95, 30.00, 12.45, 121.05, software, 133.5, 0, 40, 80.1, 1.98, si
2017-08-16, 0, 4.8, 0, 0, 0, 0.82, 0.68, 6.8, 0, 500, 40.13, 30.00, 13.27, 120.23, software, 133.5, 0, 40, 80.1, 2.33, si
2017-08-17, 0, 0, 0, 0, 0, 0.82, 0.68, 6.8, 245.55, 500, 57.25, 30.00, -3.85, 137.35, Electronic Probe, 133.5, 245.55, 40, 80.1, 2.38, si
2017-08-18, 0, 0, 0, 0, 0, 0.41, 0.68, 3.4, -2.95, 500, 56.02, 30.00, -2.62, 136.12, Electronic Probe, 133.5, 242.59, 40, 80.1, 1.75, si
2017-08-19, 2.25, 0, 0, 0, 0, 0.44, 0.68, 3.68, -1.74, 500, 55.25, 30.00, -1.85, 135.35, Electronic Probe, 133.5, 240.86, 40, 80.1, 1.44, si
2017-08-20, 5.25, 0, 0, 0, 0, 0.5, 1.74, 4.2, -1.33, 500, 54.57, 30.00, -1.17, 134.67, Electronic Probe, 133.5, 239.53, 40, 80.1, 1.06, si
2017-08-21, 0, 1, 0, 0, 0, 0.25, 1.53, 2.07, 0.87, 500, 54.22, 30.00, -0.82, 134.32, Electronic Probe, 133.5, 240.4, 40, 80.1, 1.43, si
2017-08-22, 0, 8, 1.5, 0, 0, 0.09, 1.53, 0.72, 13.19, 500, 62.58, 30.00, -9.18, 142.68, Electronic Probe, 133.5, 253.59, 40, 80.1, 1.85, si
2017-08-23, 0, 0.2, 0, 0, 0, 0.21, 1.53, 1.79, -3.26, 500, 58.41, 30.00, -5.01, 138.51, Electronic Probe, 133.5, 250.33, 40, 80.1, 2.23, si
2017-08-24, 0, 2.4, 0, 0, 0, 0.24, 1.33, 2.02, 10.24, 500, 62.29, 30.00, -8.89, 142.39, Electronic Probe, 133.5, 260.57, 40, 80.1, 1.84, si
2017-08-25, 0, 0, 0, 0, 0, 0.32, 1.33, 2.64, -9.21, 500, 58.4, 30.00, -5, 138.5, Electronic Probe, 133.5, 251.37, 40, 80.1, 1.92, si
2017-08-26, 0.6, 0, 0, 0, 0, 0.43, 1.33, 3.55, -2.53, 500, 57.41, 30.00, -4.01, 137.51, Electronic Probe, 133.5, 248.84, 40, 80.1, 1.66, si
2017-08-27, 3.45, 0, 0, 0, 0, 0.51, 2.53, 4.25, -1.92, 500, 56.6, 22.37, -3.2, 136.7, Electronic Probe, 133.5, 246.91, 40, 80.1, 1.76, si
2017-08-28, 4.9, 0, 0, 0, 0, 0.52, 2.23, 4.32, -0.85, 500, 55.95, 25.15, -2.55, 136.05, Electronic Probe, 133.5, 246.06, 40, 80.1, 1.86, si
2017-08-29, 0, 3.2, 0, 0, 0, 0.1, 1.77, 0.82, -1.14, 500, 55.32, 30.00, -1.92, 135.42, Electronic Probe, 133.5, 244.92, 40, 80.1, 2.76, si
2017-08-30, 0, 0.2, 0, 0, 0, 0.27, 1.61, 2.29, 3.55, 500, 57.42, 30.00, -4.02, 137.52, Electronic Probe, 133.5, 248.47, 40, 80.1, 3.57, si
2017-08-31, 0, 0, 0, 0, 0, 0.27, 1.3, 2.27, -0.36, 500, 56.71, 30.00, -3.31, 136.81, Electronic Probe, 133.5, 248.11, 40, 80.1, 3.26, si
2017-09-01, 3.2, 0, 0, 0, 0, 0.39, 1, 3.88, -72.32, 500, 56.18, 30.00, -2.78, 136.28, Electronic Probe, 133.5, 175.79, 40, 80.1, 3, si
2017-09-02, 5.85, 0, 0, 0, 0, 0.47, 36.73, 4.69, 0, 500, 55.61, 1.51, -2.21, 135.71, software, 133.5, 0, 40, 80.1, 2.75, si
2017-09-03, 7.400001, 0, 0, 0, 0, 0.52, 72.32, 5.16, 0, 500, 54.99, 0.76, -1.59, 135.09, software, 133.5, 0, 40, 80.1, 2.09, si
2017-09-04, 8.25, 0, 0, 0, 0, 0.61, 72.32, 6.09, 248.37, 500, 54.5, 0.75, -1.1, 134.6, Electronic Probe, 133.5, 248.37, 40, 80.1, 1.61, si
2017-09-05, 0, 2.2, 0, 0, 0, 0.07, 72.32, 0.71, -0.87, 500, 54, 0.75, -0.6, 134.1, Electronic Probe, 133.5, 247.49, 40, 80.1, 1.81, si
2017-09-06, 0, 0.2, 0, 0, 0, 0.22, 72.32, 2.23, 2.12, 500, 55.57, 0.77, -2.17, 135.67, Electronic Probe, 133.5, 249.61, 40, 80.1, 2.16, si
2017-09-07, 0, 0.2, 0, 0, 0, 0.1, 72.32, 0.99, -1.08, 500, 54.7, 0.76, -1.3, 134.8, Electronic Probe, 133.5, 248.53, 40, 80.1, 2.04, si
2017-09-08, 1.3, 0, 0, 0, 0, 0.25, 72.32, 2.53, 0.44, 500, 55.4, 0.77, -2, 135.5, Electronic Probe, 133.5, 248.98, 40, 80.1, 1.93, si
2017-09-09, 3.6, 0, 0, 0, 0, 0.41, 72.32, 4.13, 1.26, 500, 55.36, 0.77, -1.96, 135.46, Electronic Probe, 133.5, 250.24, 40, 80.1, 2.46, si
2017-09-10, 5.95, 0, 0, 0, 0, 0.45, 72.32, 4.48, -0.18, 500, 55.23, 0.76, -1.83, 135.33, Electronic Probe, 133.5, 250.06, 40, 80.1, 2.64, si
2017-09-11, 1.05, 0, 0, 0, 0, 0.25, 72.32, 2.45, -0.55, 500, 54.69, 0.76, -1.29, 134.79, Electronic Probe, 133.5, 249.51, 40, 80.1, 2.36, si
2017-09-12, 6.3, 0, 0, 0, 0, 0.38, 0.55, 3.76, -0.95, 500, 53.94, 30.00, -0.54, 134.04, Electronic Probe, 133.5, 248.56, 40, 80.1, 2.71, si
2017-09-13, 0, 0, 0, 0, 0, 0.19, 0.75, 1.93, -0.53, 500, 53.4, 30.00, 0, 133.5, Electronic Probe, 133.5, 248.03, 40, 80.1, 2.93, si
2017-09-14, 0, 0, 0, 0, 0, 0.29, 0.68, 2.87, -0.14, 500, 53.04, 30.00, 0.36, 133.14, Electronic Probe, 133.5, 247.89, 40, 80.1, 2.91, si
2017-09-15, 1.8, 0, 0, 0, 0, 0.2, 0.54, 1.99, -1.81, 500, 52.8, 30.00, 0.6, 132.9, Electronic Probe, 133.5, 246.07, 40, 80.1, 2.49, si
2017-09-16, 2.15, 0, 0, 0, 0, 0.38, 0.86, 3.84, 0.8, 500, 52.29, 30.00, 1.11, 132.39, Electronic Probe, 133.5, 246.87, 40, 80.1, 3.25, si
2017-09-17, 5.4, 0, 0, 0, 0, 0.45, 0.83, 4.47, 0.83, 500, 52.24, 30.00, 1.16, 132.34, Electronic Probe, 133.5, 247.7, 40, 80.1, 3.21, si
2017-09-18, 5.85, 0, 0, 0, 0, 0.48, 0.98, 4.75, 0.31, 500, 51.97, 30.00, 1.43, 132.07, Electronic Probe, 133.5, 248.01, 40, 80.1, 3.02, si
2017-09-19, 4.45, 0, 0, 0, 0, 0.3, 1.81, 3.04, 0.67, 500, 51.77, 28.60, 1.63, 131.87, Electronic Probe, 133.5, 248.69, 40, 80.1, 3.25, si
2017-09-20, 7.6, 0, 0, 0, 0, 0.51, 1.81, 5.14, -0.46, 500, 51.27, 28.33, 2.13, 131.37, Electronic Probe, 133.5, 248.23, 40, 80.1, 2.95, si
2017-09-21, 4.849999, 0, 0, 0, 0, 0.3, 1.81, 2.98, 1.27, 500, 51.23, 28.30, 2.17, 131.33, Electronic Probe, 133.5, 249.5, 40, 80.1, 2.35, si
2017-09-22, 0.35, 0, 0, 0, 0, 0.27, 1.81, 2.68, -78.6, 500, 50.56, 27.93, 2.84, 130.66, Electronic Probe, 133.5, 170.9, 40, 80.1, 2.49, si
2017-09-23, 1.85, 0, 0, 0, 0, 0.44, 1.81, 4.36, 77.96, 500, 50.38, 27.83, 3.02, 130.48, Electronic Probe, 133.5, 248.86, 40, 80.1, 2.52, si
2017-09-24, 3.6, 0, 0, 0, 0, 0.34, 1.81, 3.36, 0.78, 500, 49.77, 27.50, 3.63, 129.87, Electronic Probe, 133.5, 249.64, 40, 80.1, 2.68, si
2017-09-25, 0, 9.6, 2.3, 0, 0, 0.1, 1.81, 0.97, -0.61, 500, 49.45, 27.32, 3.95, 129.55, Electronic Probe, 133.5, 249.03, 40, 80.1, 3.44, si
2017-09-26, 0, 0, 0, 0, 0, 0.25, 1.81, 2.48, -0.21, 500, 49.54, 27.37, 3.86, 129.64, Electronic Probe, 133.5, 248.83, 40, 80.1, 3.99, si
2017-09-27, 0.35, 3.6, 0, 0, 0, 0.43, 0.21, 4.32, 5.42, 500, 53.95, 30.00, -0.55, 134.05, Electronic Probe, 133.5, 254.24, 40, 80.1, 4.12, si
2017-09-28, 5.8, 0, 0, 0, 0, 0.44, 0.21, 4.39, -0.37, 500, 53.42, 30.00, -0.02, 133.52, Electronic Probe, 133.5, 253.87, 40, 80.1, 3.59, si
2017-09-29, 2.05, 0, 0, 0, 0, 0.39, 0.21, 3.9, -0.01, 500, 53.32, 30.00, 0.08, 133.42, Electronic Probe, 133.5, 253.86, 40, 80.1, 3.54, si
2017-09-30, 4.65, 0, 0, 0, 0, 0.45, 0.11, 4.45, 0.24, 500, 52.55, 30.00, 0.85, 132.65, Electronic Probe, 133.5, 254.1, 40, 80.1, 2.73, si
2017-10-01, 8.7, 0, 0, 0, 0, 0.83, 0.01, 5.52, -1.06, 500, 38.64, 30.00, 1.41, 132.09, Electronic Probe, 133.5, 253.04, 30, 93.45, 2.96, si
2017-10-02, 10.45, 0, 0, 0, 0, 0.84, 0.01, 5.63, 1.1, 500, 38.35, 30.00, 1.7, 131.8, Electronic Probe, 133.5, 254.13, 30, 93.45, 2.2, si
2017-10-03, 0.7, 6, 0.5, 0, 0, 0.38, 0.01, 2.56, 0.6, 500, 37.34, 30.00, 2.71, 130.79, Electronic Probe, 133.5, 254.73, 30, 93.45, 2.13, si
2017-10-04, 0, 3.4, 0, 0, 0, 0.24, 0.01, 1.62, 26.55, 500, 48.84, 30.00, -8.79, 142.29, Electronic Probe, 133.5, 281.28, 30, 93.45, 2.32, si
2017-10-05, 0, 0.2, 0, 0, 0, 0.48, 0.01, 3.19, -4.37, 500, 45.71, 30.00, -5.66, 139.16, Electronic Probe, 133.5, 276.91, 30, 93.45, 2.81, si
2017-10-06, 1.35, 0, 0, 0, 0, 0.6, 0.01, 4, -2.76, 500, 44.32, 30.00, -4.27, 137.77, Electronic Probe, 133.5, 274.15, 30, 93.45, 2.96, si
2017-10-07, 1.35, 0, 0, 0, 0, 0.52, 2.76, 3.48, -2.12, 500, 43.17, 15.64, -3.12, 136.62, Electronic Probe, 133.5, 272.03, 30, 93.45, 3.65, si
2017-10-08, 0, 0, 0, 0, 0, 0.53, 2.44, 3.56, -2.03, 500, 42.35, 17.36, -2.3, 135.8, Electronic Probe, 133.5, 270, 30, 93.45, 3.27, si
2017-10-09, 0.35, 0, 0, 0, 0, 0.53, 2.3, 3.56, -1.96, 500, 41.25, 17.91, -1.2, 134.7, Electronic Probe, 133.5, 268.05, 30, 93.45, 3.57, si
2017-10-10, 2, 0, 0, 0, 0, 0.62, 2.22, 4.12, -1.8, 500, 40.26, 18.16, -0.21, 133.71, Electronic Probe, 133.5, 266.25, 30, 93.45, 2.98, si
2017-10-11, 2.35, 0, 0, 0, 0, 0.66, 1.98, 4.43, -0.81, 500, 39.21, 19.83, 0.84, 132.66, Electronic Probe, 133.5, 265.44, 30, 93.45, 2.56, si
2017-10-12, 2, 0, 0, 0, 0, 0.68, 1.65, 4.52, -0.39, 500, 38.68, 23.44, 1.37, 132.13, Electronic Probe, 133.5, 265.05, 30, 93.45, 2.25, si
2017-10-13, 7.3, 0, 0, 0, 0, 0.82, 1.24, 5.44, -1.66, 500, 37.63, 30.00, 2.42, 131.08, Electronic Probe, 133.5, 263.39, 30, 93.45, 2.06, si
2017-10-14, 0.9, 0, 0, 0, 0, 0.45, 1.17, 3, -2.12, 500, 36.62, 30.00, 3.43, 130.07, Electronic Probe, 133.5, 261.26, 30, 93.45, 1.84, si
2017-10-15, 0, 3.6, 0, 0, 0, 0.17, 1.25, 1.11, -0.65, 500, 36.69, 29.47, 3.36, 130.14, Electronic Probe, 133.5, 260.62, 30, 93.45, 2.15, si
2017-10-16, 0, 9.8, 2.4, 0, 0, 0.22, 1.21, 1.44, 0.53, 500, 37.77, 30.00, 2.28, 131.22, Electronic Probe, 133.5, 261.15, 30, 93.45, 2.6, si
2017-10-17, 0, 1.6, 0, 0, 0, 0.32, 1.48, 2.12, 6.35, 500, 44.29, 29.99, -4.24, 137.74, Electronic Probe, 133.5, 267.5, 30, 93.45, 2.95, si
2017-10-18, 1.35, 0, 0, 0, 0, 0.6, 1.38, 4.01, -2.34, 500, 41.89, 30.00, -1.84, 135.34, Electronic Probe, 133.5, 265.16, 30, 93.45, 2.89, si
2017-10-19, 0, 6.2, 0.6, 0, 0, 0.35, 0.65, 2.3, 6.57, 500, 47.56, 30.00, -7.51, 141.01, Electronic Probe, 133.5, 271.72, 30, 93.45, 3, si
2017-10-20, 0, 0.2, 0, 0, 0, 0.47, 0.65, 3.16, -1.07, 500, 44.76, 30.00, -4.71, 138.21, Electronic Probe, 133.5, 270.65, 30, 93.45, 2.92, si
2017-10-21, 2.55, 0.2, 0, 0, 0, 0.64, 0.65, 4.29, -2.65, 500, 42.81, 30.00, -2.76, 136.26, Electronic Probe, 133.5, 268, 30, 93.45, 2.87, si
2017-10-22, 6.2, 0, 0, 0, 0, 0.77, 2.65, 5.14, -3.47, 500, 40.61, 15.32, -0.56, 134.06, Electronic Probe, 133.5, 264.53, 30, 93.45, 2.48, si
2017-10-23, 3.5, 0, 0, 0, 0, 0.65, 3.06, 4.34, -89.85, 500, 39.46, 12.90, 0.59, 132.91, Electronic Probe, 133.5, 174.69, 30, 93.45, 3.1, si
2017-10-24, 3.7, 0, 0, 0, 0, 0.57, 31.99, 3.8, 0, 500, 38.89, 1.22, 1.16, 132.34, software, 133.5, 0, 30, 93.45, 4, si
2017-10-25, 0, 0.6, 0, 0, 0, 0.18, 31.99, 1.21, 257.03, 500, 36.11, 1.13, 3.94, 129.56, Electronic Probe, 133.5, 257.03, 30, 93.45, 4.72, si
2017-10-26, 0, 0, 0, 0, 0, 0.4, 46.66, 2.67, -0.72, 500, 36.16, 0.77, 3.89, 129.61, Electronic Probe, 133.5, 256.31, 30, 93.45, 5.42, si
2017-10-27, 0.15, 0, 0, 0, 0, 0.76, 89.85, 5.08, -2.66, 500, 34.73, 0.39, 5.32, 128.18, Electronic Probe, 133.5, 253.66, 30, 93.45, 5.24, si
2017-10-28, 6.55, 0, 0, 0, 0, 0.88, 2.66, 5.87, -3.37, 500, 33.09, 12.44, 6.96, 126.54, Electronic Probe, 133.5, 250.29, 30, 93.45, 5.39, si
2017-10-29, 9.55, 0, 0, 0, 0, 0.92, 3.02, 6.1, -4.83, 500, 30.6, 10.15, 9.45, 124.05, Electronic Probe, 133.5, 245.45, 30, 93.45, 4.68, si
2017-10-30, 13.65, 0, 0, 0, 0, 0.96, 3.62, 6.37, -6.48, 500, 27.13, 7.49, 12.92, 120.58, Electronic Probe, 133.5, 238.97, 30, 93.45, 4.66, si
2017-10-31, 13.15, 0, 0, 0, 0, 0.89, 4.34, 5.9, -5.44, 500, 24.91, 5.75, 15.14, 118.36, Electronic Probe, 133.5, 233.54, 30, 93.45, 4.59, si
2017-11-01, 10.5, 0, 0, 2.7, 1.87, 1.56, 5.03, 5.19, 3.72, 500, 31.73, 6.31, 8.32, 125.18, Electronic Probe, 133.5, 237.26, 30, 93.45, 4.81, si
2017-11-02, 11.2, 4, 0, 0, 0, 0.55, 5.58, 1.84, -10.73, 500, 22.68, 4.06, 17.37, 116.13, Electronic Probe, 133.5, 226.53, 30, 93.45, 5.01, si
2017-11-03, 3.3, 0, 0, 2.7, 1.87, 0.51, 5.96, 1.71, 9.28, 500, 33.08, 5.55, 6.97, 126.53, Electronic Probe, 133.5, 235.81, 30, 93.45, 5.39, si
2017-11-04, 3.95, 0.2, 0, 0, 0, 1.24, 5.44, 4.13, -8.86, 500, 25.34, 4.66, 14.71, 118.79, Electronic Probe, 133.5, 226.95, 30, 93.45, 5.51, si
2017-11-05, 7.6, 0, 0, 0, 0, 1.68, 5.44, 5.6, -7.68, 500, 19.8, 3.64, 20.25, 113.25, Electronic Probe, 133.5, 219.27, 30, 93.45, 5.72, si
2017-11-06, 9.650001, 0, 0, 0, 0, 1.97, 7.68, 6.57, -6.57, 500, 15.62, 2.03, 24.43, 109.07, Electronic Probe, 133.5, 212.7, 30, 93.45, 4.67, si
2017-11-07, 6.6, 0, 0, 0, 0, 1.94, 7.12, 6.48, -5.98, 500, 12.07, 1.69, 27.98, 105.52, Electronic Probe, 133.5, 206.72, 30, 93.45, 4.81, si
2017-11-08, 7.5, 0, 0, 5.3, 3.73, 1.84, 6.74, 6.12, -5.01, 500, 9.3, 1.38, 30.75, 102.75, Electronic Probe, 133.5, 201.72, 30, 93.45, 3.93, si
2017-11-09, 4.3, 0, 0, 0, 0, 1.19, 6.31, 3.97, 0.8, 500, 12.14, 1.92, 27.91, 105.59, Electronic Probe, 133.5, 202.52, 30, 93.45, 3.65, si
2017-11-10, 7.15, 0, 0, 0, 0, 1.49, 5.85, 4.96, -6.08, 500, 7.18, 1.23, 32.87, 100.63, Electronic Probe, 133.5, 196.44, 30, 93.45, 3.58, si
2017-11-11, 8.65, 0, 0, 5.3, 3.73, 1.56, 5.5, 5.2, -0.51, 500, 8.51, 1.55, 31.54, 101.96, Electronic Probe, 133.5, 195.94, 30, 93.45, 3.03, si
2017-11-12, 5.3, 0, 0, 0, 0, 0.93, 2.76, 3.09, -3.63, 500, 5.58, 2.02, 34.47, 99.03, Electronic Probe, 133.5, 192.3, 30, 93.45, 3.17, si
2017-11-13, 3.8, 0, 0, 0, 0, 0.89, 2.07, 2.96, -1.61, 500, 4.53, 2.19, 35.52, 97.98, Electronic Probe, 133.5, 190.69, 30, 93.45, 3.25, si
2017-11-14, 2.1, 0, 0, 0, 0, 0.71, 1.92, 2.35, -0.69, 500, 4.15, 2.17, 35.9, 97.6, Electronic Probe, 133.5, 190, 30, 93.45, 3.89, si
2017-11-15, 1.05, 0, 0, 5.3, 3.73, 1.03, 1.61, 3.42, -62.46, 500, 4.03, 2.50, 36.02, 97.48, Electronic Probe, 133.5, 127.55, 30, 93.45, 3.96, si
2017-11-16, 2.25, 0, 0, 0, 0, 1.25, 17.1, 4.18, 0, 500, 2.78, 0.16, 37.27, 96.23, software, 133.5, 0, 30, 93.45, 3.6, si
2017-11-17, 4.4, 0, 0, 5.3, 3.73, 1.53, 21.59, 5.09, 187.2, 500, 3.43, 0.16, 36.62, 96.88, Electronic Probe, 133.5, 187.2, 30, 93.45, 3.39, si
2017-11-18, 3.65, 0, 0, 0, 0, 1.46, 31.57, 4.87, 3.8, 500, 8.16, 0.26, 31.89, 101.61, Electronic Probe, 133.5, 191.01, 30, 93.45, 3.1, si
2017-11-19, 7.849999, 0, 0, 0, 0, 1.74, 62.46, 5.79, -4.89, 500, 3.77, 0.06, 36.28, 97.22, Electronic Probe, 133.5, 186.11, 30, 93.45, 3.13, si
2017-11-20, 3.7, 0, 0, 0, 0, 1.01, 62.46, 3.36, -1.4, 500, 2.61, 0.04, 37.44, 96.06, Electronic Probe, 133.5, 184.71, 30, 93.45, 3.94, si
2017-11-21, 0, 9.4, 2.2, 0, 0, 0.72, 1.4, 2.41, 4.8, 500, 8.03, 5.74, 32.02, 101.48, Electronic Probe, 133.5, 189.51, 30, 93.45, 4.03, si
2017-11-22, 0, 9.2, 2.1, 0, 0, 0.56, 1.4, 1.87, 0.08, 500, 8.11, 5.79, 31.94, 101.56, Electronic Probe, 133.5, 189.59, 30, 93.45, 4.67, si
2017-11-23, 0.7, 0.2, 0, 0, 0, 1.28, 1.4, 4.25, -3.51, 500, 4.86, 3.47, 35.19, 98.31, Electronic Probe, 133.5, 186.09, 30, 93.45, 4.72, si
2017-11-24, 3.3, 0, 0, 0, 0, 1.65, 1.4, 5.49, -2.31, 500, 2.75, 1.96, 37.3, 96.2, Electronic Probe, 133.5, 183.77, 30, 93.45, 5.3, si
2017-11-25, 7.35, 0, 0, 0, 0, 1.72, 2.31, 5.74, -1.54, 500, 1.47, 0.64, 38.58, 94.92, Electronic Probe, 133.5, 182.23, 30, 93.45, 5.82, si
2017-11-26, 7.55, 0, 0, 0, 0, 1.95, 1.92, 6.5, -1.31, 500, 0.51, 0.26, 39.54, 93.96, Electronic Probe, 133.5, 180.92, 30, 93.45, 5.62, si
2017-11-27, 10.15, 0, 0, 5.3, 3.73, 1.93, 1.72, 6.43, -1.41, 500, -0.44, -0.26, 40.49, 93.01, Electronic Probe, 133.5, 179.51, 30, 93.45, 5.11, si
2017-11-28, 10.4, 0, 0, 5.3, 3.73, 1.99, 1.64, 6.62, 3.15, 500, 3.57, 2.17, 36.48, 97.02, Electronic Probe, 133.5, 182.66, 30, 93.45, 5.14, si
2017-11-29, 11.8, 0, 0, 0, 0, 2.15, 1.42, 7.16, 2.02, 500, 6.21, 4.37, 33.84, 99.66, Electronic Probe, 133.5, 184.68, 30, 93.45, 4.4, si
2017-11-30, 11.75, 0, 0, 5.3, 3.73, 2.08, 1.36, 6.94, -5.77, 500, 0.59, 0.43, 39.46, 94.04, Electronic Probe, 133.5, 178.91, 30, 93.45, 4.74, si
2017-12-01, 7.05, 0, 0, 0, 0, 2.22, 1.41, 4.44, 7.84, 500, -4.46, -3.16, 31.16, 102.34, Electronic Probe, 133.5, 186.75, 20, 106.8, 5.07, si
2017-12-02, 4.8, 0, 0, 0, 0, 2.17, 1.41, 4.34, -6.06, 500, -10.82, -7.67, 37.52, 95.98, Electronic Probe, 133.5, 180.69, 20, 106.8, 5.27, si
2017-12-03, 3.45, 0, 0, 0, 0, 2.12, 1.41, 4.23, -2.1, 500, -13.03, -9.24, 39.73, 93.77, Electronic Probe, 133.5, 178.6, 20, 106.8, 6.57, si
2017-12-04, 6.95, 0, 0, 5.3, 3.73, 2.67, 2.1, 5.33, -1.66, 500, -14.53, -6.92, 41.23, 92.27, Electronic Probe, 133.5, 176.94, 20, 106.8, 6.84, si
2017-12-05, 12.05, 0, 0, 0, 0, 3.55, 1.88, 7.1, 7.77, 500, -6.15, -3.27, 32.85, 100.65, Electronic Probe, 133.5, 184.71, 20, 106.8, 7.28, si
2017-12-06, 14.700001, 0, 0, 5.3, 4, 3.53, 1.88, 7.05, -7.42, 500, -13.59, -7.23, 40.29, 93.21, Electronic Probe, 133.5, 177.28, 20, 106.8, 6.97, si
2017-12-07, 17.650001, 0, 0, 0, 0, 3.91, 1.88, 7.82, 5.42, 500, -7.6, -4.04, 34.3, 99.2, Electronic Probe, 133.5, 182.7, 20, 106.8, 6.35, si
2017-12-08, 16.450001, 0, 0, 5.3, 3.73, 3.85, 1.66, 7.69, -7.25, 500, -14.91, -8.98, 41.61, 91.89, Electronic Probe, 133.5, 175.44, 20, 106.8, 5.72, si
2017-12-09, 9.8, 0, 0, 0, 0, 3.55, 1.66, 7.09, 9.59, 500, -5.06, -3.05, 31.76, 101.74, Electronic Probe, 133.5, 185.04, 20, 106.8, 5, si
2017-12-10, 9.3, 0, 0, 5.3, 4, 3.37, 1.66, 6.73, -7.51, 500, -12.88, -7.76, 39.58, 93.92, Electronic Probe, 133.5, 177.52, 20, 106.8, 4.58, si
2017-12-11, 8.1, 0, 0, 5.3, 4, 3.32, 1.66, 6.63, 10.24, 500, -2.02, -1.22, 28.72, 104.78, Electronic Probe, 133.5, 187.77, 20, 106.8, 4.57, si
2017-12-12, 6.650001, 0, 0, 0, 0, 2.84, 1.66, 5.67, 11.32, 500, 7.42, 4.47, 19.28, 114.22, Electronic Probe, 133.5, 199.09, 20, 106.8, 5.27, si
2017-12-13, 1.25, 0, 0, 0, 0, 1.16, 1.66, 2.32, -12.82, 500, -4.87, -2.93, 31.57, 101.93, Electronic Probe, 133.5, 186.27, 20, 106.8, 5.33, si
2017-12-14, 6.3, 0.2, 0, 5.3, 3.73, 2.58, 1.66, 5.16, 21.49, 500, 12.65, 7.62, 14.05, 119.45, Electronic Probe, 133.5, 207.76, 20, 106.8, 5.67, si
2017-12-15, 10.5, 0, 0, 0, 0, 3.31, 1.66, 6.61, -17.43, 500, -2.81, -1.69, 29.51, 103.99, Electronic Probe, 133.5, 190.33, 20, 106.8, 5.71, si
2017-12-16, 10.7, 0, 0, 0, 0, 2.46, 1.66, 4.91, 21.45, 500, 10.38, 6.25, 16.32, 117.18, Electronic Probe, 133.5, 211.78, 20, 106.8, 5.96, si
2017-12-17, 10.2, 0, 0, 10.7, 7.47, 3.22, 1.66, 6.43, -17.89, 500, -3.29, -1.98, 29.99, 103.51, Electronic Probe, 133.5, 193.9, 20, 106.8, 5.57, si
2017-12-18, 8.7, 0, 0, 0, 0, 2.9, 1.66, 5.79, 48.71, 500, 18.51, 11.15, 8.19, 125.31, Electronic Probe, 133.5, 242.61, 20, 106.8, 5.4, si
2017-12-19, 9.5, 0, 0, 10.7, 7.47, 3.5, 1.66, 7, -26.47, 500, 3.73, 2.25, 22.97, 110.53, Electronic Probe, 133.5, 216.13, 20, 106.8, 5.17, si
2017-12-20, 12.2, 0, 0, 0, 0, 3.69, 1.66, 7.38, -16.86, 500, -5.66, -3.41, 32.36, 101.14, Electronic Probe, 133.5, 199.27, 20, 106.8, 4.58, si
2017-12-21, 12.2, 0.4, 0, 0, 0, 3.26, 16.86, 6.51, 9.52, 500, 7, 0.42, 19.7, 113.8, Electronic Probe, 133.5, 208.79, 20, 106.8, 4.12, si
2017-12-22, 12.2, 0, 0, 10.7, 8, 3.26, 16.86, 6.51, -14.2, 500, -4.78, -0.28, 31.48, 102.02, Electronic Probe, 133.5, 194.59, 20, 106.8, 4.86, si
2017-12-23, 5.75, 0, 0, 0, 0, 3.26, 16.86, 6.51, 10.67, 500, 8.08, 0.48, 18.62, 114.88, Electronic Probe, 133.5, 205.26, 20, 106.8, 5.12, si
2017-12-24, 5.5, 0, 0, 5.3, 4, 2.54, 16.86, 5.08, -14.38, 500, -5.2, -0.31, 31.9, 101.6, Electronic Probe, 133.5, 190.88, 20, 106.8, 5.58, si
2017-12-25, 4.5, 0, 0, 5.3, 4, 2.64, 16.86, 5.27, 11.8, 500, 8.03, 0.48, 18.67, 114.83, Electronic Probe, 133.5, 202.68, 20, 106.8, 6.25, si
2017-12-26, 8.05, 0, 0, 0, 0, 3.36, 16.86, 6.71, 16.52, 500, 18.81, 1.12, 7.89, 125.61, Electronic Probe, 133.5, 219.2, 20, 106.8, 5.75, si
2017-12-27, 8.05, 0, 0, 10.7, 7.47, 3.26, 16.86, 6.51, -28.6, 500, -3.83, -0.23, 30.53, 102.97, Electronic Probe, 133.5, 190.59, 20, 106.8, 5.4, si
2017-12-28, 10.5, 0, 0, 0, 0, 3.24, 16.86, 6.48, -9.07, 500, -11.75, -0.70, 38.45, 95.05, Electronic Probe, 133.5, 181.52, 20, 106.8, 4.86, si
2017-12-29, 12.2, 0, 0, 5.3, 3.73, 3.26, 9.07, 6.51, 61.26, 500, 17.85, 1.97, 8.85, 124.65, Electronic Probe, 133.5, 242.78, 20, 106.8, 4.68, si
2017-12-30, 10.65, 0, 0, 5.3, 3.73, 3.32, 9.07, 6.64, 7.05, 500, 20.68, 2.28, 6.02, 127.48, Electronic Probe, 133.5, 249.83, 20, 106.8, 5.07, si
2017-12-31, 6.2, 1.4, 0, 0, 0, 3.26, 9.07, 6.51, 19.32, 500, 29.4, 3.24, -2.7, 136.2, Electronic Probe, 133.5, 269.15, 20, 106.8, 4.9, si
2018-01-01, 3.05, 4.6, 0, 5.3, 4, 3.26, 9.07, 6.51, -25.17, 500, 21.85, 2.41, 4.85, 128.65, Electronic Probe, 133.5, 243.98, 20, 106.8, 5.78, si
2018-01-02, 5.65, 0, 0, 0, 0, 3.26, 9.07, 6.51, 21.27, 500, 27.02, 2.98, -0.32, 133.82, Electronic Probe, 133.5, 265.25, 20, 106.8, 5.66, si
2018-01-03, 12.8, 0, 0, 5.3, 4, 3.4, 9.07, 6.79, -36.73, 500, 8.6, 0.95, 18.1, 115.4, Electronic Probe, 133.5, 228.53, 20, 106.8, 5.33, si
2018-01-04, 15.799999, 0, 0, 0, 0, 3.76, 9.07, 7.52, -8.85, 500, 10.18, 1.12, 16.52, 116.98, Electronic Probe, 133.5, 219.67, 20, 106.8, 5.41, si
2018-01-05, 11.05, 0, 0, 5.3, 4, 3.4, 8.85, 6.8, -19.69, 500, -3.56, -0.40, 30.26, 103.24, Electronic Probe, 133.5, 199.98, 20, 106.8, 5.63, si
2018-01-06, 9.25, 0, 0, 0, 0, 3.26, 14.27, 6.51, 50.1, 500, 27.47, 1.93, -0.77, 134.27, Electronic Probe, 133.5, 250.08, 20, 106.8, 5.86, si
2018-01-07, 9.25, 0, 0, 0, 0, 3.26, 14.27, 6.51, -32.49, 500, 9.02, 0.63, 17.68, 115.82, Electronic Probe, 133.5, 217.59, 20, 106.8, 6.52, si
2018-01-08, 9.25, 0, 0, 5.3, 4, 3.26, 14.27, 6.51, -13.74, 500, -0.29, -0.02, 26.99, 106.51, Electronic Probe, 133.5, 203.84, 20, 106.8, 6.53, si
2018-01-09, 7.35, 0, 0, 0, 0, 3.26, 16.71, 6.51, 6.36, 500, 10.46, 0.63, 16.24, 117.26, Electronic Probe, 133.5, 210.2, 20, 106.8, 6.44, si
2018-01-10, 14.65, 0, 0, 2.7, 2, 3.6, 13.74, 7.19, -11.28, 500, 2.11, 0.15, 24.59, 108.91, Electronic Probe, 133.5, 198.92, 20, 106.8, 5.42, si
2018-01-11, 15.35, 0, 0, 5.3, 4, 4, 13.74, 8, -15.01, 500, -10.93, -0.80, 37.63, 95.87, Electronic Probe, 133.5, 183.91, 20, 106.8, 5.42, si
2018-01-12, 11.5, 0, 0, 2.7, 2, 3.29, 14.38, 6.57, 5.93, 500, -2.97, -0.21, 29.67, 103.83, Electronic Probe, 133.5, 189.85, 20, 106.8, 5.36, si
2018-01-13, 12, 0, 0, 0, 0, 3.28, 15.01, 6.56, 6.31, 500, 4.25, 0.28, 22.45, 111.05, Electronic Probe, 133.5, 196.15, 20, 106.8, 5.06, si
2018-01-14, 12, 0, 0, 0, 0, 3.26, 15.01, 6.51, -15.55, 500, -11.25, -0.75, 37.95, 95.55, Electronic Probe, 133.5, 180.61, 20, 106.8, 5.35, si
2018-01-15, 8.25, 0, 0, 5.3, 4, 3.26, 15.01, 6.51, -4.42, 500, -15.31, -1.02, 42.01, 91.49, Electronic Probe, 133.5, 176.19, 20, 106.8, 5.49, si
2018-01-16, 8.25, 0, 0, 0, 0, 3.26, 4.42, 6.51, 6.17, 500, -8.23, -1.86, 34.93, 98.57, Electronic Probe, 133.5, 182.35, 20, 106.8, 4.95, si
2018-01-17, 8.25, 0, 0, 0, 0, 3.26, 4.42, 6.51, 6.8, 500, -0.67, -0.15, 27.37, 106.13, Electronic Probe, 133.5, 189.15, 20, 106.8, 5.11, si
2018-01-18, 8.25, 0, 0, 5.3, 4, 3.26, 4.42, 6.51, -13.93, 500, -14.7, -3.33, 41.4, 92.1, Electronic Probe, 133.5, 175.22, 20, 106.8, 3.79, si
2018-01-19, 8.25, 0, 0, 0, 0, 3.26, 4.42, 6.51, 10.72, 500, -3.07, -0.69, 29.77, 103.73, Electronic Probe, 133.5, 185.94, 20, 106.8, 3.38, si
2018-01-20, 15.65, 0, 0, 2.7, 2, 3.33, 4.42, 6.65, -12.56, 500, -15.79, -3.57, 42.49, 91.01, Electronic Probe, 133.5, 173.38, 20, 106.8, 3.32, si
2018-01-21, 15.65, 0, 0, 0, 0, 3.26, 4.42, 6.51, 11.74, 500, -3.44, -0.78, 30.14, 103.36, Electronic Probe, 133.5, 185.12, 20, 106.8, 3.53, si
2018-01-22, 15.65, 0, 0, 5.3, 4, 3.26, 4.42, 6.51, -11.59, 500, -15.39, -3.48, 42.09, 91.41, Electronic Probe, 133.5, 173.53, 20, 106.8, 3.63, si
2018-01-23, 15.65, 0, 0, 0, 0, 3.26, 4.42, 6.51, 17.74, 500, 2.72, 0.62, 23.98, 109.52, Electronic Probe, 133.5, 191.27, 20, 106.8, 4.6, si
2018-01-24, 15.65, 0, 0, 5.3, 4, 3.26, 4.42, 6.51, -14.03, 500, -11.67, -2.64, 38.37, 95.13, Electronic Probe, 133.5, 177.24, 20, 106.8, 5.13, si
2018-01-25, 10.95, 0, 0, 0, 0, 2.97, 4.42, 5.94, 19.68, 500, 6.67, 1.51, 20.03, 113.47, Electronic Probe, 133.5, 196.92, 20, 106.8, 5.39, si
2018-01-26, 10.95, 0, 0, 0, 0, 3.26, 4.42, 6.51, -20.94, 500, -12.93, -2.93, 39.63, 93.87, Electronic Probe, 133.5, 175.98, 20, 106.8, 5.49, si
2018-01-27, 10.45, 0, 0, 5.3, 4, 2.86, 4.42, 5.72, -5.09, 500, -17.67, -4.00, 44.37, 89.13, Electronic Probe, 133.5, 170.89, 20, 106.8, 5.52, si
2018-01-28, 10.45, 0, 0, 0, 0, 3.26, 5.09, 6.51, 23.52, 500, 4.43, 0.87, 22.27, 111.23, Electronic Probe, 133.5, 194.41, 20, 106.8, 4.96, si
2018-01-29, 10.45, 0, 0, 5.3, 4, 3.26, 5.09, 6.51, -22.19, 500, -15.88, -3.12, 42.58, 90.92, Electronic Probe, 133.5, 172.22, 20, 106.8, 5.17, si
2018-01-30, 10.45, 0, 0, 0, 0, 3.26, 5.09, 6.51, 17.18, 500, 1.95, 0.38, 24.75, 108.75, Electronic Probe, 133.5, 189.4, 20, 106.8, 4.94, si
2018-01-31, 11.35, 0, 0, 5.3, 4, 3.26, 5.09, 6.51, -15.72, 500, -13.87, -2.72, 40.57, 92.93, Electronic Probe, 133.5, 173.67, 20, 106.8, 5.64, si
2018-02-01, 10.5, 0, 0, 0, 0, 3.03, 5.09, 6.06, 26.77, 500, 7.89, 1.55, 18.81, 114.69, Electronic Probe, 133.5, 200.44, 20, 106.8, 5.67, si
2018-02-02, 8.35, 0, 0, 5.3, 4, 2.32, 5.09, 4.64, -23.9, 500, -11.95, -2.35, 38.65, 94.85, Electronic Probe, 133.5, 176.53, 20, 106.8, 5.75, si
2018-02-03, 10.45, 0, 0, 0, 0, 3.16, 5.09, 6.31, 28.32, 500, 9.28, 1.82, 17.42, 116.08, Electronic Probe, 133.5, 204.85, 20, 106.8, 5.77, si
2018-02-04, 11.75, 0, 0, 0, 0, 3.28, 5.09, 6.56, -29.52, 500, -13.15, -2.58, 39.85, 93.65, Electronic Probe, 133.5, 175.34, 20, 106.8, 5.21, si
2018-02-05, 14.950001, 0, 0, 2.7, 2, 3.67, 5.09, 7.34, -7.41, 500, -19.2, -3.77, 45.9, 87.6, Electronic Probe, 133.5, 167.93, 20, 106.8, 4.41, si
2018-02-06, 10.15, 0, 0, 2.7, 2, 2.06, 7.41, 4.12, 57, 500, 20.33, 2.74, 6.37, 127.13, Electronic Probe, 133.5, 224.93, 20, 106.8, 5.25, si
2018-02-07, 11.650001, 0, 0, 5.3, 4, 3.06, 7.41, 6.11, -42.23, 500, -7.38, -1.00, 34.08, 99.42, Electronic Probe, 133.5, 182.7, 20, 106.8, 5.06, si
2018-02-08, 15, 0, 0, 0, 0, 3.2, 7.41, 6.39, 10.87, 500, 6.17, 0.83, 20.53, 112.97, Electronic Probe, 133.5, 193.57, 20, 106.8, 5.02, si
2018-02-09, 8.95, 1.2, 0, 5.3, 4, 2.25, 7.41, 4.49, -18.41, 500, -12.16, -1.64, 38.86, 94.64, Electronic Probe, 133.5, 175.16, 20, 106.8, 4.58, si
2018-02-10, 8.95, 5.8, 0.4, 0, 0, 3.26, 7.41, 6.51, 53.43, 500, 19.11, 2.58, 7.59, 125.91, Electronic Probe, 133.5, 228.59, 20, 106.8, 4.97, si
2018-02-11, 8.95, 0, 0, 0, 0, 3.26, 7.41, 6.51, -43.41, 500, -6.27, -0.85, 32.97, 100.53, Electronic Probe, 133.5, 185.18, 20, 106.8, 4.4, si
2018-02-12, 8.95, 14, 4.5, 5.3, 4, 3.26, 7.41, 6.51, -14.15, 500, -16.79, -2.27, 43.49, 90.01, Electronic Probe, 133.5, 171.03, 20, 106.8, 4.49, si
2018-02-13, 8.95, 16.8, 5.9, 0, 0, 3.26, 14.15, 6.51, 1.62, 500, -13.5, -0.95, 40.2, 93.3, Electronic Probe, 133.5, 172.65, 20, 106.8, 3.98, si
2018-02-14, 8.95, 0, 0, 5.3, 4, 3.26, 14.15, 6.51, -6.68, 500, -19.78, -1.40, 46.48, 87.02, Electronic Probe, 133.5, 165.97, 20, 106.8, 4.04, si
2018-02-15, 8.95, 0, 0, 0, 0, 3.26, 14.15, 6.51, 15.37, 500, -3.9, -0.28, 30.6, 102.9, Electronic Probe, 133.5, 181.34, 20, 106.8, 4.19, si
2018-02-16, 8.95, 0, 0, 2.7, 2, 3.26, 14.15, 6.51, -11.7, 500, -15.86, -1.12, 42.56, 90.94, Electronic Probe, 133.5, 169.64, 20, 106.8, 4.25, si
2018-02-17, 8.95, 0, 0, 0, 0, 3.26, 14.15, 6.51, 2.09, 500, -13.21, -0.93, 39.91, 93.59, Electronic Probe, 133.5, 171.74, 20, 106.8, 4.34, si
2018-02-18, 8.95, 0, 0, 2.7, 2, 3.26, 14.15, 6.51, -6.54, 500, -19.95, -1.41, 46.65, 86.85, Electronic Probe, 133.5, 165.19, 20, 106.8, 4.41, si
2018-02-19, 8.95, 0, 0, 5.3, 4, 3.26, 14.15, 6.51, 2.35, 500, -17.2, -1.22, 43.9, 89.6, Electronic Probe, 133.5, 167.54, 20, 106.8, 4.15, si
2018-02-20, 8.95, 0, 0, 0, 0, 3.26, 14.15, 6.51, 31.88, 500, 9.21, 0.65, 17.49, 116.01, Electronic Probe, 133.5, 199.42, 20, 106.8, 4.12, si
2018-02-21, 8.95, 0, 0, 0, 0, 3.26, 14.15, 6.51, -27.76, 500, -14.13, -1.00, 40.83, 92.67, Electronic Probe, 133.5, 171.66, 20, 106.8, 3.7, si
2018-02-22, 8.95, 0, 0, 5.3, 4, 3.26, 14.15, 6.51, -5.89, 500, -19.53, -1.38, 46.23, 87.27, Electronic Probe, 133.5, 165.76, 20, 106.8, 3.82, si
2018-02-23, 8.95, 2, 0, 0, 0, 3.26, 5.89, 6.51, 50.98, 500, 13.7, 2.33, 13, 120.5, Electronic Probe, 133.5, 216.74, 20, 106.8, 4.61, si
2018-02-24, 8.95, 0, 0, 0, 0, 3.26, 5.89, 6.51, -35.38, 500, -8.62, -1.46, 35.32, 98.18, Electronic Probe, 133.5, 181.37, 20, 106.8, 4.79, si
2018-02-25, 8.95, 0, 0, 0, 0, 3.26, 5.89, 6.51, -11.49, 500, -17.64, -2.99, 44.34, 89.16, Electronic Probe, 133.5, 169.88, 20, 106.8, 4.8, si
2018-02-26, 8.95, 0, 0, 5.3, 4, 3.26, 8.69, 6.51, -6.23, 500, -21.64, -2.49, 48.34, 85.16, Electronic Probe, 133.5, 163.65, 20, 106.8, 4.78, si
2018-02-27, 8.95, 0, 0, 5.3, 4, 3.26, 8.86, 6.51, 12.68, 500, -7.9, -0.89, 34.6, 98.9, Electronic Probe, 133.5, 176.33, 20, 106.8, 4.72, si
2018-02-28, 8.95, 0, 0, 5.3, 4, 3.26, 8.86, 6.51, -12.17, 500, -20.01, -2.26, 46.71, 86.79, Electronic Probe, 133.5, 164.16, 20, 106.8, 0, si
2018-03-01, 8.95, 0, 0, 0, 0, 3.26, 8.86, 6.51, -25.56, 500, 32.51, 3.67, 20.89, 112.61, Electronic Probe, 133.5, 138.6, 40, 80.1, 4.53, si
2018-03-02, 8.95, 0, 0, 5.3, 4, 3.26, 15.89, 6.51, 27.52, 500, 8.8, 0.55, 44.6, 88.9, Electronic Probe, 133.5, 166.12, 40, 80.1, 4.41, si
2018-03-03, 8.95, 0, 0, 0, 0, 3.26, 25.56, 6.51, 11.69, 500, 21, 0.82, 32.4, 101.1, Electronic Probe, 133.5, 177.81, 40, 80.1, 4.08, si
2018-03-04, 8.95, 0, 0, 0, 0, 3.26, 25.56, 6.51, -12.63, 500, 8.11, 0.32, 45.29, 88.21, Electronic Probe, 133.5, 165.18, 40, 80.1, 3.63, si
2018-03-05, 8.95, 0, 0, 0, 0, 3.26, 25.56, 6.51, -3.57, 500, 4.64, 0.18, 48.76, 84.74, Electronic Probe, 133.5, 161.61, 40, 80.1, 3.44, si
2018-03-06, 8.95, 0, 0, 0, 0, 3.26, 3.57, 6.51, -1.1, 500, 3.64, 1.02, 49.76, 83.74, Electronic Probe, 133.5, 160.51, 40, 80.1, 3.62, si
2018-03-07, 8.95, 0, 0, 0, 0, 3.26, 2.34, 6.51, 78.58, 500, 45.8, 19.61, 7.6, 125.9, Electronic Probe, 133.5, 239.09, 40, 80.1, 3.71, si
2018-03-08, 8.95, 0, 0, 0, 0, 3.26, 2.34, 6.51, -40.78, 500, 23.75, 10.17, 29.65, 103.85, Electronic Probe, 133.5, 198.3, 40, 80.1, 4.02, si
2018-03-09, 8.95, 0, 0, 0, 0, 3.26, 2.34, 6.51, -17.33, 500, 13.38, 5.73, 40.02, 93.48, Electronic Probe, 133.5, 180.97, 40, 80.1, 3.42, si
2018-03-10, 8.95, 3, 0, 0, 0, 3.26, 9.21, 6.51, -8.33, 500, 8.72, 0.95, 44.68, 88.82, Electronic Probe, 133.5, 172.64, 40, 80.1, 3.19, si
2018-03-11, 8.95, 0, 0, 0, 0, 3.26, 12.83, 6.51, -3.42, 500, 7.01, 0.55, 46.39, 87.11, Electronic Probe, 133.5, 169.22, 40, 80.1, 3.28, si
2018-03-12, 8.95, 0, 0, 0, 0, 3.26, 9.69, 6.51, -4.73, 500, 4.78, 0.49, 48.62, 84.88, Electronic Probe, 133.5, 164.49, 40, 80.1, 3.21, si
2018-03-13, 8.95, 0, 0, 0, 0, 3.26, 8.45, 6.51, -2.31, 500, 3.74, 0.44, 49.66, 83.84, Electronic Probe, 133.5, 162.18, 40, 80.1, 3.39, si
2018-03-14, 8.95, 0, 0, 5.3, 4, 3.26, 4.7, 6.51, -1.1, 500, 3.29, 0.70, 50.11, 83.39, Electronic Probe, 133.5, 161.08, 40, 80.1, 3.99, si
2018-03-15, 8.95, 0, 0, 0, 0, 3.26, 2.89, 6.51, 24.34, 500, 26.24, 9.08, 27.16, 106.34, Electronic Probe, 133.5, 185.42, 40, 80.1, 3.72, si
2018-03-16, 8.95, 0, 0, 0, 0, 3.26, 2.71, 6.51, -15.96, 500, 11.18, 4.12, 42.22, 91.28, Electronic Probe, 133.5, 169.46, 40, 80.1, 3.33, si
2018-03-17, 8.95, 0, 0, 0, 0, 3.26, 1.7, 6.51, -6.24, 500, 5.69, 3.34, 47.71, 85.79, Electronic Probe, 133.5, 163.21, 40, 80.1, 3.43, si
2018-03-18, 8.95, 0, 0, 0, 0, 3.26, 3.67, 6.51, -2.75, 500, 3.59, 0.98, 49.81, 83.69, Electronic Probe, 133.5, 160.46, 40, 80.1, 3.87, si
2018-03-19, 8.95, 0, 0, 0, 0, 3.26, 4.5, 6.51, -1.21, 500, 2.74, 0.61, 50.66, 82.84, Electronic Probe, 133.5, 159.25, 40, 80.1, 3.69, si
2018-03-20, 8.95, 0, 0, 5.3, 4, 3.26, 3.4, 6.51, -0.49, 500, 2.4, 0.71, 51, 82.5, Electronic Probe, 133.5, 158.76, 40, 80.1, 3.35, si
2018-03-21, 8.95, 0, 0, 0, 0, 3.26, 2.67, 6.51, 20.43, 500, 22.74, 8.51, 30.66, 102.84, Electronic Probe, 133.5, 179.19, 40, 80.1, 3.54, si
2018-03-22, 8.95, 0, 0, 0, 0, 3.26, 1.48, 6.51, -13.47, 500, 9.31, 6.28, 44.09, 89.41, Electronic Probe, 133.5, 165.72, 40, 80.1, 3.66, si
2018-03-23, 8.95, 0, 0, 0, 0, 3.26, 0.85, 6.51, -5.01, 500, 4.55, 5.35, 48.85, 84.65, Electronic Probe, 133.5, 160.71, 40, 80.1, 3.37, si
2018-03-24, 8.95, 0.6, 0, 0, 0, 3.26, 2.75, 6.51, -1.07, 500, 3.38, 1.23, 50.02, 83.48, Electronic Probe, 133.5, 159.64, 40, 80.1, 3.37, si
2018-03-25, 8.95, 0.6, 0, 0, 0, 3.26, 3.04, 6.51, -0.4, 500, 3.04, 1.00, 50.36, 83.14, Electronic Probe, 133.5, 159.24, 40, 80.1, 3.73, si
2018-03-26, 8.95, 0, 0, 0, 0, 3.26, 2.16, 6.51, -0.9, 500, 2.44, 1.13, 50.96, 82.54, Electronic Probe, 133.5, 158.34, 40, 80.1, 3.04, si
2018-03-27, 8.95, 0, 0, 5.3, 3.73, 3.26, 1.84, 6.51, -0.9, 500, 1.89, 1.02, 51.51, 81.99, Electronic Probe, 133.5, 157.44, 40, 80.1, 2.28, si
2018-03-28, 8.95, 3.6, 0, 0, 0, 3.26, 0.82, 6.51, -0.42, 500, 1.63, 1.99, 51.77, 81.73, Electronic Probe, 133.5, 157.02, 40, 80.1, 2.32, si
2018-03-29, 8.95, 37.4, 16.2, 0, 0, 3.26, 0.66, 6.51, 40.65, 500, 39.94, 30.00, 13.46, 120.04, Electronic Probe, 133.5, 197.67, 40, 80.1, 2.52, si
2018-03-30, 8.95, 0.6, 0, 0, 0, 3.26, 0.74, 6.51, -9.39, 500, 31.14, 30.00, 22.26, 111.24, Electronic Probe, 133.5, 188.27, 40, 80.1, 2.71, si
2018-03-31, 8.95, 0.6, 0, 0, 0, 1.9, 0.66, 3.8, -12.77, 500, 18.52, 28.06, 34.88, 98.62, Electronic Probe, 133.5, 175.51, 40, 80.1, 2.74, si
2018-04-01, 8.95, 0, 0, 0, 0, 2.6, 6.59, 6.51, -8.99, 500, 9.87, 1.50, 43.53, 89.97, Electronic Probe, 133.5, 166.51, 40, 80.1, 2.1, si
2018-04-02, 8.95, 0, 0, 5.3, 3.73, 2.6, 10.88, 6.51, -3.84, 500, 6.12, 0.56, 47.28, 86.22, Electronic Probe, 133.5, 162.67, 40, 80.1, 2.43, si
2018-04-03, 8.95, 0, 0, 0, 0, 2.6, 8.53, 6.51, 23.88, 500, 30.56, 3.58, 22.84, 110.66, Electronic Probe, 133.5, 186.55, 40, 80.1, 2.27, si
2018-04-04, 8.95, 0, 0, 0, 0, 2.6, 8.53, 6.51, -16.69, 500, 13.57, 1.59, 39.83, 93.67, Electronic Probe, 133.5, 169.86, 40, 80.1, 2.83, si
2018-04-05, 8.95, 0, 0, 5.3, 3.73, 2.6, 6.42, 6.51, -6.63, 500, 6.99, 1.09, 46.41, 87.09, Electronic Probe, 133.5, 163.23, 40, 80.1, 2.8, si
2018-04-06, 8.95, 2.4, 0, 0, 0, 2.6, 5.24, 6.51, 25.48, 500, 31.61, 6.04, 21.79, 111.71, Electronic Probe, 133.5, 188.72, 40, 80.1, 3.31, si
2018-04-07, 8.95, 1, 0, 0, 0, 2.6, 6.63, 6.51, -9.04, 500, 22.01, 3.32, 31.39, 102.11, Electronic Probe, 133.5, 179.68, 40, 80.1, 3.44, si
2018-04-08, 8.95, 0, 0, 0, 0, 2.6, 6.63, 6.51, -11.01, 500, 12.38, 1.87, 41.02, 92.48, Electronic Probe, 133.5, 168.68, 40, 80.1, 2.59, si
2018-04-09, 8.95, 1.8, 0, 0, 0, 2.6, 8.82, 6.51, -5.58, 500, 7, 0.79, 46.4, 87.1, Electronic Probe, 133.5, 163.1, 40, 80.1, 2.82, si
2018-04-10, 8.95, 0, 0, 0, 0, 2.6, 8.29, 6.51, -0.82, 500, 5.41, 0.65, 47.99, 85.51, Electronic Probe, 133.5, 162.27, 40, 80.1, 2.88, si
2018-04-11, 8.95, 0, 0, 0, 0, 2.6, 5.8, 6.51, -0.46, 500, 4.59, 0.79, 48.81, 84.69, Electronic Probe, 133.5, 161.81, 40, 80.1, 2.2, si
2018-04-12, 8.95, 13.8, 4.4, 0, 0, 2.6, 4.47, 6.51, 87.97, 500, 53.1, 11.89, 0.3, 133.2, Electronic Probe, 133.5, 249.79, 40, 80.1, 2.55, si
2018-04-13, 8.95, 0, 0, 0, 0, 2.6, 2.29, 6.51, -35.31, 500, 36.08, 15.78, 17.32, 116.18, Electronic Probe, 133.5, 214.48, 40, 80.1, 2.81, si
2018-04-14, 8.95, 0, 0, 0, 0, 2.6, 0.64, 6.51, -18.43, 500, 24.47, 30.00, 28.93, 104.57, Electronic Probe, 133.5, 196.05, 40, 80.1, 2.43, si
2018-04-15, 8.95, 0, 0, 0, 0, 2.6, 9.45, 6.51, -13.34, 500, 15.64, 1.66, 37.76, 95.74, Electronic Probe, 133.5, 182.7, 40, 80.1, 2.09, si
2018-04-16, 8.95, 0, 0, 0, 0, 2.6, 15.88, 6.51, -8.38, 500, 10.15, 0.64, 43.25, 90.25, Electronic Probe, 133.5, 174.33, 40, 80.1, 1.8, si
2018-04-17, 8.95, 0, 0, 0, 0, 2.6, 13.38, 6.51, -3.54, 500, 7.98, 0.60, 45.42, 88.08, Electronic Probe, 133.5, 170.78, 40, 80.1, 1.9, si
2018-04-18, 8.95, 5.6, 0.3, 0, 0, 2.6, 10.92, 6.51, 3.02, 500, 8.75, 0.80, 44.65, 88.85, Electronic Probe, 133.5, 173.81, 40, 80.1, 1.98, si
2018-04-19, 8.95, 0, 0, 16, 11.2, 2.6, 8.42, 6.51, -3.34, 500, 7.35, 0.87, 46.05, 87.45, Electronic Probe, 133.5, 170.47, 40, 80.1, 1.97, si
2018-04-20, 8.95, 0.6, 0, 0, 0, 2.6, 5.96, 6.51, 111.67, 500, 61.65, 10.34, -8.25, 141.75, Electronic Probe, 133.5, 282.13, 40, 80.1, 1.72, si
2018-04-21, 8.95, 0, 0, 0, 0, 2.6, 3.54, 6.51, -55.58, 500, 37.53, 10.60, 15.87, 117.63, Electronic Probe, 133.5, 226.55, 40, 80.1, 1.53, si
2018-04-22, 8.95, 0, 0, 0, 0, 2.6, 3.54, 6.51, 0, 500, 34.93, 9.87, 18.47, 115.03, software, 133.5, 0, 40, 80.1, 1.42, si
2018-04-23, 8.95, 12.4, 3.7, 0, 0, 2.6, 3.54, 6.51, 0, 500, 36.03, 10.18, 17.37, 116.13, software, 133.5, 0, 40, 80.1, 1.6, si
2018-04-24, 8.95, 2.8, 0, 0, 0, 2.6, 3.54, 6.51, 191.16, 500, 19.21, 5.43, 34.19, 99.31, Electronic Probe, 133.5, 191.16, 40, 80.1, 1.21, si
2018-04-25, 8.95, 23.4, 9.2, 0, 0, 2.6, 3.54, 6.51, -62.38, 500, 17.92, 5.06, 35.48, 98.02, Electronic Probe, 133.5, 128.78, 40, 80.1, 1.52, si
2018-04-26, 8.95, 54.6, 24.8, 0, 0, 2.6, 3.54, 6.51, 0, 500, 40.12, 11.33, 13.28, 120.22, software, 133.5, 0, 40, 80.1, 2.72, si
2018-04-27, 8.95, 1.2, 0, 0, 0, 2.6, 3.54, 6.51, 0, 500, 37.52, 10.60, 15.88, 117.62, software, 133.5, 0, 40, 80.1, 2.95, si
2018-04-28, 8.95, 1, 0, 0, 0, 2.6, 3.54, 6.51, 0, 500, 34.92, 9.86, 18.48, 115.02, software, 133.5, 0, 40, 80.1, 2.92, si
2018-04-29, 8.95, 0, 0, 0, 0, 2.6, 3.54, 6.51, 0, 500, 32.32, 9.13, 21.08, 112.42, software, 133.5, 0, 40, 80.1, 3.27, si
2018-04-30, 8.95, 0, 0, 0, 0, 2.6, 3.54, 6.51, 0, 500, 29.72, 8.40, 23.68, 109.82, software, 133.5, 0, 40, 80.1, 3.29, si
2018-05-01, 8.95, 0, 0, 0, 0, 1.3, 3.54, 6.51, 194.66, 500, 20.39, 5.76, 33.01, 100.49, Electronic Probe, 133.5, 194.66, 40, 80.1, 2.73, si
2018-05-02, 8.95, 0, 0, 0, 0, 1.3, 3.54, 6.51, -5.04, 500, 17.38, 4.91, 36.02, 97.48, Electronic Probe, 133.5, 189.61, 40, 80.1, 3.34, si
2018-05-03, 8.95, 0, 0, 0, 0, 1.3, 3.54, 6.51, -61.97, 500, 16.69, 4.71, 36.71, 96.79, Electronic Probe, 133.5, 127.65, 40, 80.1, 2.71, si
2018-05-04, 8.95, 0, 0, 0, 0, 1.3, 61.97, 6.51, 54.1, 500, 13.22, 0.21, 40.18, 93.32, Electronic Probe, 133.5, 181.75, 40, 80.1, 2.21, si
2018-05-05, 8.95, 0, 0, 0, 0, 1.3, 61.97, 6.51, -4.01, 500, 11.23, 0.18, 42.17, 91.33, Electronic Probe, 133.5, 177.73, 40, 80.1, 1.85, si
2018-05-06, 8.95, 0, 0, 0, 0, 1.3, 61.97, 6.51, -3.44, 500, 9.62, 0.16, 43.78, 89.72, Electronic Probe, 133.5, 174.29, 40, 80.1, 1.36, si
2018-05-07, 8.95, 1.4, 0, 0, 0, 1.3, 32.7, 6.51, -2.24, 500, 8.59, 0.26, 44.81, 88.69, Electronic Probe, 133.5, 172.06, 40, 80.1, 1.66, si
2018-05-08, 8.95, 17.2, 6.1, 0, 0, 1.3, 2.84, 6.51, 0.1, 500, 9.04, 3.18, 44.36, 89.14, Electronic Probe, 133.5, 172.16, 40, 80.1, 1.66, si
2018-05-09, 8.95, 1.2, 0, 0, 0, 1.3, 2.84, 6.51, 14.03, 500, 23.54, 8.29, 29.86, 103.64, Electronic Probe, 133.5, 186.19, 40, 80.1, 1.65, si
2018-05-10, 8.95, 0.6, 0, 0, 0, 1.3, 2.84, 6.51, -7.3, 500, 16.65, 5.86, 36.75, 96.75, Electronic Probe, 133.5, 178.89, 40, 80.1, 1.47, si
2018-05-11, 8.95, 0, 0, 0, 0, 1.3, 2.24, 6.51, -3.99, 500, 12.56, 5.61, 40.84, 92.66, Electronic Probe, 133.5, 174.91, 40, 80.1, 1.82, si
2018-05-12, 8.95, 0, 0, 0, 0, 1.3, 3.99, 6.51, -1.93, 500, 10.99, 2.75, 42.41, 91.09, Electronic Probe, 133.5, 172.98, 40, 80.1, 2.26, si
2018-05-13, 8.95, 0, 0, 0, 0, 1.3, 2.96, 6.51, -1.94, 500, 9.4, 3.18, 44, 89.5, Electronic Probe, 133.5, 171.04, 40, 80.1, 2.71, si
2018-05-14, 8.95, 0.6, 0, 0, 0, 1.3, 2.62, 6.51, -1.38, 500, 8.37, 3.19, 45.03, 88.47, Electronic Probe, 133.5, 169.65, 40, 80.1, 3.14, si
2018-05-15, 8.95, 0, 0, 0, 0, 1.3, 2.31, 6.51, -1.21, 500, 7.62, 3.30, 45.78, 87.72, Electronic Probe, 133.5, 168.45, 40, 80.1, 2.75, si
2018-05-16, 8.95, 0, 0, 0, 0, 1.3, 1.62, 6.51, -1.18, 500, 7, 4.33, 46.4, 87.1, Electronic Probe, 133.5, 167.27, 40, 80.1, 2.09, si
2018-05-17, 8.95, 0, 0, 0, 0, 1.3, 1.43, 6.51, -0.92, 500, 6.54, 4.58, 46.86, 86.64, Electronic Probe, 133.5, 166.35, 40, 80.1, 1.71, si
2018-05-18, 8.95, 0, 0, 0, 0, 1.3, 1.17, 6.51, -0.87, 500, 6.13, 5.23, 47.27, 86.23, Electronic Probe, 133.5, 165.48, 40, 80.1, 1.21, si
2018-05-19, 8.95, 2.4, 0, 0, 0, 1.3, 1.04, 6.51, -0.27, 500, 5.96, 5.70, 47.44, 86.06, Electronic Probe, 133.5, 165.21, 40, 80.1, 0.98, si
2018-05-20, 8.95, 16.4, 5.7, 0, 0, 1.3, 0.81, 6.51, 1.14, 500, 7.16, 8.84, 46.24, 87.26, Electronic Probe, 133.5, 166.35, 40, 80.1, 0.94, si
2018-05-21, 8.95, 18.6, 6.8, 0, 0, 1.3, 0.69, 6.51, 14.99, 500, 22.65, 30.00, 30.75, 102.75, Electronic Probe, 133.5, 181.34, 40, 80.1, 0.9, si
2018-05-22, 8.95, 27.2, 11.1, 0, 0, 1.3, 0.57, 6.51, 90.02, 500, 58.17, 30.00, -4.77, 138.27, Electronic Probe, 133.5, 271.36, 40, 80.1, 0.8, si
2018-05-23, 8.95, 0.6, 0, 0, 0, 1.3, 0.27, 6.51, -21.27, 500, 50.4, 30.00, 3, 130.5, Electronic Probe, 133.5, 250.09, 40, 80.1, 0.73, si
2018-05-24, 8.95, 24.2, 9.6, 0, 0, 1.3, 0.27, 6.51, -9.87, 500, 46.87, 30.00, 6.53, 126.97, Electronic Probe, 133.5, 240.22, 40, 80.1, 1.15, si
2018-05-25, 8.95, 0.6, 0, 0, 0, 1.3, 9.87, 6.51, 25.61, 500, 55.13, 5.59, -1.73, 135.23, Electronic Probe, 133.5, 265.83, 40, 80.1, 1.1, si
2018-05-26, 8.95, 0.6, 0, 0, 0, 1.3, 9.87, 6.51, -12.57, 500, 49.97, 5.06, 3.43, 130.07, Electronic Probe, 133.5, 253.25, 40, 80.1, 0.83, si
2018-05-27, 8.95, 0.6, 0, 0, 0, 1.3, 9.87, 6.51, -7.91, 500, 46.47, 4.71, 6.93, 126.57, Electronic Probe, 133.5, 245.34, 40, 80.1, 0.84, si
2018-05-28, 8.95, 36, 15.5, 0, 0, 1.3, 8.89, 6.51, -5.66, 500, 43.91, 4.94, 9.49, 124.01, Electronic Probe, 133.5, 239.69, 40, 80.1, 0.64, si
2018-05-29, 8.95, 1.6, 0, 0, 0, 1.3, 6.79, 6.51, 37, 500, 56.77, 8.37, -3.37, 136.87, Electronic Probe, 133.5, 276.69, 40, 80.1, 0.63, si
2018-05-30, 8.95, 0.6, 0, 0, 0, 1.3, 6.79, 6.51, -15.43, 500, 52.77, 7.78, 0.63, 132.87, Electronic Probe, 133.5, 261.26, 40, 80.1, 0.85, si
2018-05-31, 8.95, 0.6, 0, 0, 0, 1.3, 6.79, 6.51, -5.1, 500, 50.66, 7.47, 2.74, 130.76, Electronic Probe, 133.5, 256.16, 40, 80.1, 1.22, si
2018-06-01, 8.95, 71, 25, 0, 0, 0.65, 5.38, 6.51, 191.95, 500, 77.47, 14.40, -24.07, 157.57, Electronic Probe, 133.5, 448.11, 40, 80.1, 1.53, si
2018-06-02, 8.95, 4.2, 0, 0, 0, 0.65, 5.1, 6.51, -172.1, 500, 54.7, 10.73, -1.3, 134.8, Electronic Probe, 133.5, 276.01, 40, 80.1, 2.21, si
2018-06-03, 8.95, 15.4, 5.2, 0, 0, 0.65, 5.1, 6.51, -0.98, 500, 58.33, 11.44, -4.93, 138.43, Electronic Probe, 133.5, 275.03, 40, 80.1, 2.09, si
2018-06-04, 8.95, 0, 0, 0, 0, 0.65, 3.04, 6.51, -9.71, 500, 53.85, 17.71, -0.45, 133.95, Electronic Probe, 133.5, 265.32, 40, 80.1, 1.75, si
2018-06-05, 8.95, 0, 0, 0, 0, 0.65, 5.34, 6.51, -6.26, 500, 51.41, 9.62, 1.99, 131.51, Electronic Probe, 133.5, 259.06, 40, 80.1, 1.22, si
2018-06-06, 8.95, 0, 0, 0, 0, 0.65, 5.65, 6.51, -86.92, 500, 50.27, 8.90, 3.13, 130.37, Electronic Probe, 133.5, 172.14, 40, 80.1, 1.21, si
2018-06-07, 8.95, 0, 0, 0, 0, 0.65, 25.97, 6.51, 0, 500, 49.62, 1.91, 3.78, 129.72, software, 133.5, 0, 40, 80.1, 1.46, si
2018-06-08, 8.95, 0, 0, 0, 0, 0.65, 34.3, 6.51, 0, 500, 48.97, 1.43, 4.43, 129.07, software, 133.5, 0, 40, 80.1, 1.76, si
2018-06-09, 8.95, 54.6, 24.8, 0, 0, 0.65, 46.59, 6.51, 0, 500, 73.02, 1.57, -19.62, 153.12, software, 133.5, 0, 40, 80.1, 1.81, si
2018-06-10, 8.95, 0.6, 0, 0, 0, 0.65, 86.92, 6.51, 0, 500, 72.27, 0.83, -18.87, 152.37, software, 133.5, 0, 40, 80.1, 1.72, si
2018-06-11, 8.95, 0, 0, 0, 0, 0.65, 86.92, 6.51, 264.87, 500, 53.9, 0.62, -0.5, 134, Electronic Probe, 133.5, 264.87, 40, 80.1, 1.36, si
2018-06-12, 8.95, 0, 0, 0, 0, 0.65, 86.92, 6.51, -4.27, 500, 52.23, 0.60, 1.17, 132.33, Electronic Probe, 133.5, 260.6, 40, 80.1, 1.03, si
2018-06-13, 8.95, 0, 0, 0, 0, 0.65, 86.92, 6.51, -2.54, 500, 50.97, 0.59, 2.43, 131.07, Electronic Probe, 133.5, 258.06, 40, 80.1, 0.61, si
2018-06-14, 8.95, 150.6, 25, 0, 0, 0.65, 2.54, 6.51, 42.05, 500, 66.39, 26.14, -12.99, 146.49, Electronic Probe, 133.5, 300.11, 40, 80.1, 0.57, si
2018-06-15, 8.95, 67.8, 25, 0, 0, 0.65, 2.54, 6.51, 173.88, 500, 96.73, 30.00, -43.33, 176.83, Electronic Probe, 133.5, 474, 40, 80.1, 0.69, si
2018-06-16, 8.95, 1.6, 0, 0, 0, 0.65, 2.54, 6.51, -5.46, 500, 89.59, 30.00, -36.19, 169.69, Electronic Probe, 133.5, 468.54, 40, 80.1, 0.69, si
2018-06-17, 8.95, 35.6, 15.3, 0, 0, 0.65, 2.54, 6.51, -123.78, 500, 58.14, 22.89, -4.74, 138.24, Electronic Probe, 133.5, 344.76, 40, 80.1, 0.66, si
2018-06-18, 8.95, 32.2, 13.6, 0, 0, 0.65, 123.78, 6.51, 108.13, 500, 82.13, 0.66, -28.73, 162.23, Electronic Probe, 133.5, 452.89, 40, 80.1, 0.77, si
2018-06-19, 8.95, 49.6, 22.3, 0, 0, 0.65, 123.78, 6.51, 1.91, 500, 82.96, 0.67, -29.56, 163.06, Electronic Probe, 133.5, 454.8, 40, 80.1, 0.84, si
2018-06-20, 8.95, 0, 0, 0, 0, 0.65, 123.78, 6.51, -60.86, 500, 66.2, 0.53, -12.8, 146.3, Electronic Probe, 133.5, 393.94, 40, 80.1, 0, si
2018-06-21, 8.95, 0, 0, 0, 0, 0.65, 123.78, 6.51, -118.19, 500, 55.37, 0.45, -1.97, 135.47, Electronic Probe, 133.5, 275.75, 40, 80.1, 0, si
2018-06-22, 8.95, 0, 0, 0, 0, 0.65, 118.19, 6.51, -8.05, 500, 54.01, 0.46, -0.61, 134.11, Electronic Probe, 133.5, 267.7, 40, 80.1, 0, si
2018-06-23, 8.95, 11.4, 3.2, 0, 0, 0.65, 63.12, 6.51, -2.38, 500, 53.02, 0.84, 0.38, 133.12, Electronic Probe, 133.5, 265.32, 40, 80.1, 0, si
2018-06-24, 8.95, 0.8, 0, 0, 0, 0.65, 42.87, 6.51, 13.81, 500, 58.78, 1.37, -5.38, 138.88, Electronic Probe, 133.5, 279.13, 40, 80.1, 0, si
2018-06-25, 8.95, 0, 0, 0, 0, 0.65, 42.87, 6.51, -6.82, 500, 55.66, 1.30, -2.26, 135.76, Electronic Probe, 133.5, 272.3, 40, 80.1, 0, si
2018-06-26, 8.95, 0, 0, 0, 0, 0.65, 5.21, 6.51, -4.28, 500, 54.08, 10.37, -0.68, 134.18, Electronic Probe, 133.5, 268.02, 40, 80.1, 0, si
2018-06-27, 8.95, 22.8, 8.9, 0, 0, 0.65, 3.33, 6.51, 7.94, 500, 62.33, 18.72, -8.93, 142.43, Electronic Probe, 133.5, 275.96, 40, 80.1, 0, si
2018-06-28, 8.95, 0, 0, 0, 0, 0.65, 4.28, 6.51, -1.8, 500, 56.05, 13.10, -2.65, 136.15, Electronic Probe, 133.5, 274.16, 40, 80.1, 0, si
2018-06-29, 8.95, 30, 12.5, 0, 0, 0.65, 4.28, 6.51, -4.05, 500, 54.6, 12.76, -1.2, 134.7, Electronic Probe, 133.5, 270.11, 40, 80.1, 0.64, si
2018-06-30, 8.95, 11.2, 3.1, 0, 0, 0.65, 4.17, 6.51, 112.04, 500, 65.21, 15.66, -11.81, 145.31, Electronic Probe, 133.5, 382.15, 40, 80.1, 0.95, si
2018-07-01, 8.95, 157.2, 25, 0, 0, 0.65, 4.05, 6.51, -43.06, 500, 65.75, 16.23, -12.35, 145.85, Electronic Probe, 133.5, 339.09, 40, 80.1, 1.41, si
2018-07-02, 0, 79.6, 25, 0, 0, 0.65, 4.05, 6.51, 136.63, 500, 97.15, 23.99, -43.75, 177.25, Electronic Probe, 133.5, 475.72, 40, 80.1, 1.91, si
2018-07-03, 0, 0, 0, 0, 0, 0.17, 4.05, 1.65, -6.96, 500, 89.07, 21.99, -35.67, 169.17, Electronic Probe, 133.5, 468.76, 40, 80.1, 2.02, si
2018-07-04, 0, 0, 0, 0, 0, 0.65, 4.05, 6.51, -86.4, 500, 63.74, 15.74, -10.34, 143.84, Electronic Probe, 133.5, 382.36, 40, 80.1, 2.03, si
2018-07-05, 0, 0, 0, 0, 0, 0.65, 86.4, 6.51, -98.28, 500, 57.27, 0.66, -3.87, 137.37, Electronic Probe, 133.5, 284.08, 40, 80.1, 1.69, si
2018-07-06, 0, 0, 0, 0, 0, 0.65, 92.34, 6.51, -7.62, 500, 56.03, 0.61, -2.63, 136.13, Electronic Probe, 133.5, 276.46, 40, 80.1, 1.67, si
2018-07-07, 0, 0, 0, 0, 0, 0.65, 64.1, 6.51, -3.08, 500, 55.21, 0.86, -1.81, 135.31, Electronic Probe, 133.5, 273.38, 40, 80.1, 1.52, si
2018-07-08, 0, 0, 0, 0, 0, 0.65, 48.84, 6.51, -1.71, 500, 54.57, 1.12, -1.17, 134.67, Electronic Probe, 133.5, 271.66, 40, 80.1, 1.04, si
2018-07-09, 0, 0, 0, 0, 0, 0.65, 27.67, 6.51, -1.11, 500, 54.06, 1.95, -0.66, 134.16, Electronic Probe, 133.5, 270.55, 40, 80.1, 0.95, si
2018-07-10, 0, 0, 0, 0, 0, 0.65, 3.38, 6.51, -0.74, 500, 53.62, 15.86, -0.22, 133.72, Electronic Probe, 133.5, 269.81, 40, 80.1, 0.95, si
2018-07-11, 0, 0, 0, 0, 0, 0.65, 1.66, 6.51, -0.86, 500, 53.01, 30.00, 0.39, 133.11, Electronic Probe, 133.5, 268.95, 40, 80.1, 0.95, si
2018-07-12, 0, 7.8, 1.4, 0, 0, 0.65, 1.1, 6.51, 0, 500, 53.42, 30.00, -0.02, 133.52, Electronic Probe, 133.5, 268.95, 40, 80.1, 1.07, si
2018-07-13, 0, 25.2, 10.1, 0, 0, 0.65, 0.9, 6.51, 0.09, 500, 54.01, 30.00, -0.61, 134.11, Electronic Probe, 133.5, 269.04, 40, 80.1, 1.25, si
2018-07-14, 0, 0.4, 0, 0, 0, 0.65, 0.8, 6.51, 16.75, 500, 60.04, 30.00, -6.64, 140.14, Electronic Probe, 133.5, 285.79, 40, 80.1, 1.44, si
2018-07-15, 0, 0, 0, 0, 0, 0.65, 0.86, 6.51, -5.72, 500, 57.67, 30.00, -4.27, 137.77, Electronic Probe, 133.5, 280.07, 40, 80.1, 1.79, si
2018-07-16, 0, 0, 0, 0, 0, 0.65, 0.86, 6.51, -3.04, 500, 56.67, 30.00, -3.27, 136.77, Electronic Probe, 133.5, 277.03, 40, 80.1, 2.01, si
2018-07-17, 2.5, 0, 0, 0, 0, 0.65, 3.04, 6.51, -1.96, 500, 56.04, 18.43, -2.64, 136.14, Electronic Probe, 133.5, 275.07, 40, 80.1, 2.27, si
2018-07-18, 4.2, 0, 0, 0, 0, 0.31, 2.5, 3.08, -1.38, 500, 55.47, 22.19, -2.07, 135.57, Electronic Probe, 133.5, 273.69, 40, 80.1, 2.83, si
2018-07-19, 4.2, 0, 0, 0, 0, 0.65, 2.13, 6.51, -0.67, 500, 55.36, 26.03, -1.96, 135.46, Electronic Probe, 133.5, 273.02, 40, 80.1, 2.26, si
2018-07-20, 4.2, 0, 0, 0, 0, 0.65, 1.76, 6.51, -0.88, 500, 54.98, 30.00, -1.58, 135.08, Electronic Probe, 133.5, 272.14, 40, 80.1, 1.9, si
2018-07-21, 4.2, 0, 0, 0, 0, 0.65, 1.22, 6.51, -0.8, 500, 54.65, 30.00, -1.25, 134.75, Electronic Probe, 133.5, 271.34, 40, 80.1, 1.94, si
2018-07-22, 4.2, 0, 0, 0, 0, 0.65, 0.93, 6.51, -0.96, 500, 54.15, 30.00, -0.75, 134.25, Electronic Probe, 133.5, 270.38, 40, 80.1, 1.43, si
2018-07-23, 4.2, 0, 0, 0, 0, 0.65, 0.83, 6.51, -0.65, 500, 53.85, 30.00, -0.45, 133.95, Electronic Probe, 133.5, 269.73, 40, 80.1, 1.1, si
2018-07-24, 4.2, 0, 0, 0, 0, 0.65, 0.82, 6.51, -0.76, 500, 53.44, 30.00, -0.04, 133.54, Electronic Probe, 133.5, 268.97, 40, 80.1, 1.02, si
2018-07-25, 4.2, 0, 0, 0, 0, 0.65, 0.79, 6.51, -0.87, 500, 52.93, 30.00, 0.47, 133.03, Electronic Probe, 133.5, 268.1, 40, 80.1, 1.21, si
2018-07-26, 4.2, 0, 0, 0, 0, 0.65, 0.81, 6.51, -0.51, 500, 52.66, 30.00, 0.74, 132.76, Electronic Probe, 133.5, 267.58, 40, 80.1, 0.85, si
2018-07-27, 4.2, 16.2, 5.6, 0, 0, 0.65, 0.7, 6.51, 5.46, 500, 58.69, 30.00, -5.29, 138.79, Electronic Probe, 133.5, 273.04, 40, 80.1, 0.95, si
2018-07-28, 4.2, 0.6, 0, 0, 0, 0.65, 0.71, 6.51, -1.41, 500, 56.52, 30.00, -3.12, 136.62, Electronic Probe, 133.5, 271.63, 40, 80.1, 0.92, si
2018-07-29, 4.2, 0.6, 0, 0, 0, 0.65, 0.69, 6.51, -1.16, 500, 55.55, 30.00, -2.15, 135.65, Electronic Probe, 133.5, 270.47, 40, 80.1, 1, si
2018-07-30, 0, 0.6, 0, 0, 0, 0.65, 0.84, 6.51, -0.82, 500, 54.83, 30.00, -1.43, 134.93, Electronic Probe, 133.5, 269.64, 40, 80.1, 0.92, si
2018-07-31, 0, 0.6, 0, 0, 0, 0.13, 0.99, 1.25, -0.89, 500, 54.19, 30.00, -0.79, 134.29, Electronic Probe, 133.5, 268.75, 40, 80.1, 1.05, si
2018-08-01, 0, 3.6, 0, 0, 0, 0.78, 0.96, 6.51, -0.7, 500, 54.04, 30.00, -0.64, 134.14, Electronic Probe, 133.5, 268.04, 40, 80.1, 0.91, si
2018-08-02, 0, 0.6, 0, 0, 0, 0.78, 0.89, 6.51, -0.57, 500, 53.57, 30.00, -0.17, 133.67, Electronic Probe, 133.5, 267.47, 40, 80.1, 0.98, si
2018-08-03, 0, 0, 0, 0, 0, 0.78, 0.74, 6.51, -0.15, 500, 53.48, 30.00, -0.08, 133.58, Electronic Probe, 133.5, 267.33, 40, 80.1, 0.7, si
2018-08-04, 0, 0, 0, 0, 0, 0.78, 0.58, 6.51, -0.6, 500, 52.98, 30.00, 0.42, 133.08, Electronic Probe, 133.5, 266.73, 40, 80.1, 0.9, si
2018-08-05, 0, 12.6, 3.8, 0, 0, 0.78, 0.5, 6.51, 0.96, 500, 54.5, 30.00, -1.1, 134.6, Electronic Probe, 133.5, 267.69, 40, 80.1, 1.1, si
2018-08-06, 0, 39.6, 17.3, 0, 0, 0.78, 0.44, 6.51, 7.34, 500, 58.93, 30.00, -5.53, 139.03, Electronic Probe, 133.5, 275.03, 40, 80.1, 1.34, si
2018-08-07, 0, 11.2, 3.1, 0, 0, 0.78, 0.38, 6.51, 15.74, 500, 62.3, 30.00, -8.9, 142.4, Electronic Probe, 133.5, 290.77, 40, 80.1, 1.22, si
2018-08-08, 0, 0.6, 0, 0, 0, 0.78, 0.6, 6.51, -102.6, 500, 60.69, 30.00, -7.29, 140.79, Electronic Probe, 133.5, 188.16, 40, 80.1, 1.24, si
2018-08-09, 0, 0, 0, 0, 0, 0.78, 0.6, 6.51, 0, 500, 59.81, 30.00, -6.41, 139.91, software, 133.5, 0, 40, 80.1, 1.11, si
2018-08-10, 0, 0, 0, 0, 0, 0.78, 0.6, 6.51, 0, 500, 58.93, 30.00, -5.53, 139.03, software, 133.5, 0, 40, 80.1, 1.25, si
2018-08-11, 0, 0.6, 0, 0, 0, 0.78, 0.6, 6.51, 0, 500, 58.05, 30.00, -4.65, 138.15, software, 133.5, 0, 40, 80.1, 0.93, si
2018-08-12, 0, 0, 0, 0, 0, 0.78, 0.6, 6.51, 0, 500, 57.17, 30.00, -3.77, 137.27, software, 133.5, 0, 40, 80.1, 0.91, si
2018-08-13, 0, 0, 0, 0, 0, 0.78, 0.6, 6.51, 273.62, 500, 56.31, 30.00, -2.91, 136.41, Electronic Probe, 133.5, 273.62, 40, 80.1, 1.32, si
2018-08-14, 0, 0, 0, 0, 0, 0.78, 0.6, 6.51, -0.84, 500, 55.88, 30.00, -2.48, 135.98, Electronic Probe, 133.5, 272.78, 40, 80.1, 1.35, si
2018-08-15, 0, 0.6, 0, 0, 0, 0.78, 0.6, 6.51, -0.88, 500, 55.45, 30.00, -2.05, 135.55, Electronic Probe, 133.5, 271.9, 40, 80.1, 1.65, si
2018-08-16, 0, 10.2, 2.6, 0, 0, 0.78, 0.88, 6.51, -0.93, 500, 54.98, 30.00, -1.58, 135.08, Electronic Probe, 133.5, 270.97, 40, 80.1, 1.49, si
2018-08-17, 0, 1.2, 0, 0, 0, 0.78, 0.9, 6.51, 7.05, 500, 60.1, 30.00, -6.7, 140.2, Electronic Probe, 133.5, 278.02, 40, 80.1, 1.42, si
2018-08-18, 0, 0, 0, 0, 0, 0.78, 0.9, 6.51, -1.46, 500, 58.39, 30.00, -4.99, 138.49, Electronic Probe, 133.5, 276.56, 40, 80.1, 1, si
2018-08-19, 0, 0, 0, 0, 0, 0.33, 0.9, 2.77, -1.24, 500, 57.45, 30.00, -4.05, 137.55, Electronic Probe, 133.5, 275.32, 40, 80.1, 1.26, si
2018-08-20, 0, 3.6, 0, 0, 0, 0.15, 1.08, 1.29, -1.12, 500, 56.84, 30.00, -3.44, 136.94, Electronic Probe, 133.5, 274.2, 40, 80.1, 1.25, si
2018-08-21, 0, 0.6, 0, 0, 0, 0.26, 1.18, 2.13, -1.03, 500, 56.47, 30.00, -3.07, 136.57, Electronic Probe, 133.5, 273.17, 40, 80.1, 1.04, si
2018-08-22, 0, 1.2, 0, 0, 0, 0.25, 1.13, 2.1, -0.83, 500, 55.95, 30.00, -2.55, 136.05, Electronic Probe, 133.5, 272.34, 40, 80.1, 1, si
2018-08-23, 0, 0, 0, 0, 0, 0.3, 1.05, 2.54, -0.45, 500, 55.75, 30.00, -2.35, 135.85, Electronic Probe, 133.5, 271.89, 40, 80.1, 1.05, si
2018-08-24, 0.55, 0, 0, 0, 0, 0.39, 0.86, 3.24, -0.43, 500, 55.46, 30.00, -2.06, 135.56, Electronic Probe, 133.5, 271.45, 40, 80.1, 1.05, si
2018-08-25, 0, 30.4, 12.7, 0, 0, 0.16, 0.68, 1.34, -0.64, 500, 54.98, 30.00, -1.58, 135.08, Electronic Probe, 133.5, 270.81, 40, 80.1, 1.36, si
2018-08-26, 0, 43, 19, 0, 0, 0.09, 0.59, 0.78, 53.69, 500, 65.44, 30.00, -12.04, 145.54, Electronic Probe, 133.5, 324.51, 40, 80.1, 1.6, si
2018-08-27, 0, 17.6, 6.3, 0, 0, 0.12, 0.51, 0.97, -21.07, 500, 68.51, 30.00, -15.11, 148.61, Electronic Probe, 133.5, 303.44, 40, 80.1, 1.66, si
2018-08-28, 0, 1.2, 0, 0, 0, 0.24, 0.54, 2, 49.19, 500, 64.49, 30.00, -11.09, 144.59, Electronic Probe, 133.5, 352.63, 40, 80.1, 1.64, si
2018-08-29, 2.5, 0.6, 0, 0, 0, 0.39, 0.64, 3.21, -63.47, 500, 60.95, 30.00, -7.55, 141.05, Electronic Probe, 133.5, 289.16, 40, 80.1, 1.48, si
2018-08-30, 2.5, 0, 0, 0, 0, 0.78, 0.64, 6.51, -5.56, 500, 60.07, 30.00, -6.67, 140.17, Electronic Probe, 133.5, 283.59, 40, 80.1, 1.16, si
2018-08-31, 2.5, 0, 0, 0, 0, 0.78, 5.56, 6.51, -2.44, 500, 59.22, 10.65, -5.82, 139.32, Electronic Probe, 133.5, 281.15, 40, 80.1, 1.1, si
2018-09-01, 2.5, 0.6, 0, 0, 0, 0.65, 4, 6.51, -1.42, 500, 58.57, 14.64, -5.17, 138.67, Electronic Probe, 133.5, 279.74, 40, 80.1, 0.97, si
2018-09-02, 2.5, 10.4, 2.7, 0, 0, 0.65, 3.14, 6.51, 4.17, 500, 62.34, 19.85, -8.94, 142.44, Electronic Probe, 133.5, 283.91, 40, 80.1, 1.39, si
2018-09-03, 2.5, 0, 0, 0, 0, 0.65, 3.14, 6.51, -0.86, 500, 60.66, 19.32, -7.26, 140.76, Electronic Probe, 133.5, 283.05, 40, 80.1, 1.06, si
2018-09-04, 2.5, 17.4, 6.2, 0, 0, 0.65, 1.93, 6.51, -1.69, 500, 59.58, 30.00, -6.18, 139.68, Electronic Probe, 133.5, 281.36, 40, 80.1, 1.13, si
2018-09-05, 2.5, 49.2, 22.1, 0, 0, 0.65, 1.55, 6.51, 91.75, 500, 66.29, 30.00, -12.89, 146.39, Electronic Probe, 133.5, 373.12, 40, 80.1, 1.71, si
2018-09-06, 2.5, 4.8, 0, 0, 0, 0.65, 1.69, 6.51, -43.43, 500, 63.18, 30.00, -9.78, 143.28, Electronic Probe, 133.5, 329.68, 40, 80.1, 1.98, si
2018-09-07, 2.5, 4.2, 0, 0, 0, 0.65, 1.69, 6.51, -41.91, 500, 61.55, 30.00, -8.15, 141.65, Electronic Probe, 133.5, 287.78, 40, 80.1, 2.02, si
2018-09-08, 2.5, 0, 0, 0, 0, 0.65, 21.8, 6.51, -3.26, 500, 60.8, 2.79, -7.4, 140.9, Electronic Probe, 133.5, 284.51, 40, 80.1, 1.81, si
2018-09-09, 2.5, 0.6, 0, 0, 0, 0.65, 22.59, 6.51, -1.7, 500, 59.82, 2.65, -6.42, 139.92, Electronic Probe, 133.5, 282.81, 40, 80.1, 1.69, si
2018-09-10, 2.5, 0, 0, 0, 0, 0.65, 15.62, 6.51, -0.84, 500, 59.43, 3.80, -6.03, 139.53, Electronic Probe, 133.5, 281.97, 40, 80.1, 1.48, si
2018-09-11, 2.5, 0, 0, 0, 0, 0.65, 11.93, 6.51, -0.94, 500, 58.96, 4.94, -5.56, 139.06, Electronic Probe, 133.5, 281.04, 40, 80.1, 1.4, si
2018-09-12, 2.5, 0, 0, 0, 0, 0.65, 1.68, 6.51, -1.11, 500, 58.31, 30.00, -4.91, 138.41, Electronic Probe, 133.5, 279.92, 40, 80.1, 1.57, si
2018-09-13, 2.5, 1.2, 0, 0, 0, 0.65, 1.15, 6.51, -1, 500, 57.81, 30.00, -4.41, 137.91, Electronic Probe, 133.5, 278.92, 40, 80.1, 1.39, si
2018-09-14, 2.5, 0, 0, 0, 0, 0.65, 0.97, 6.51, -0.91, 500, 57.36, 30.00, -3.96, 137.46, Electronic Probe, 133.5, 278.01, 40, 80.1, 1.45, si
2018-09-15, 2.5, 0.6, 0, 0, 0, 0.65, 0.99, 6.51, -0.52, 500, 57.13, 30.00, -3.73, 137.23, Electronic Probe, 133.5, 277.49, 40, 80.1, 1.52, si
2018-09-16, 2.5, 0.2, 0, 0, 0, 0.65, 0.88, 6.51, -1.02, 500, 56.43, 30.00, -3.03, 136.53, Electronic Probe, 133.5, 276.47, 40, 80.1, 1.48, si
2018-09-17, 2.5, 7.6, 1.3, 0, 0, 0.65, 0.86, 6.51, 4.43, 500, 60.7, 30.00, -7.3, 140.8, Electronic Probe, 133.5, 280.89, 40, 80.1, 1.79, si
2018-09-18, 2.5, 54, 24.5, 0, 0, 0.65, 0.82, 6.51, 28.34, 500, 68.75, 30.00, -15.35, 148.85, Electronic Probe, 133.5, 309.23, 40, 80.1, 2.22, si
2018-09-19, 2.5, 14.4, 4.7, 0, 0, 0.65, 0.77, 6.51, 22.29, 500, 66.81, 30.00, -13.41, 146.91, Electronic Probe, 133.5, 331.53, 40, 80.1, 2.37, si
2018-09-20, 2.5, 0.6, 0, 0, 0, 0.65, 1.02, 6.51, -39.75, 500, 61.78, 30.00, -8.38, 141.88, Electronic Probe, 133.5, 291.77, 40, 80.1, 2.21, si
2018-09-21, 2.5, 0.6, 0, 0, 0, 0.65, 1.02, 6.51, -6.64, 500, 60.4, 30.00, -7, 140.5, Electronic Probe, 133.5, 285.14, 40, 80.1, 2.19, si
2018-09-22, 2.5, 0, 0, 0, 0, 0.65, 6.64, 6.51, -1.79, 500, 59.69, 8.99, -6.29, 139.79, Electronic Probe, 133.5, 283.35, 40, 80.1, 2.24, si
2018-09-23, 2.5, 0, 0, 0, 0, 0.65, 4.21, 6.51, -1.5, 500, 58.84, 13.96, -5.44, 138.94, Electronic Probe, 133.5, 281.85, 40, 80.1, 1.72, si
2018-09-24, 2.5, 0, 0, 0, 0, 0.65, 3.31, 6.51, -0.82, 500, 58.38, 17.64, -4.98, 138.48, Electronic Probe, 133.5, 281.03, 40, 80.1, 1.88, si
2018-09-25, 2.5, 0, 0, 0, 0, 0.65, 2.69, 6.51, -1.86, 500, 57.29, 21.32, -3.89, 137.39, Electronic Probe, 133.5, 279.17, 40, 80.1, 2.78, si
2018-09-26, 2.5, 1.6, 0, 0, 0, 0.65, 1.49, 6.51, 8.5, 500, 62.9, 30.00, -9.5, 143, Electronic Probe, 133.5, 287.67, 40, 80.1, 2.87, si
2018-09-27, 2.5, 0, 0, 0, 0, 0.65, 1.39, 6.51, -3.34, 500, 60.37, 30.00, -6.97, 140.47, Electronic Probe, 133.5, 284.33, 40, 80.1, 2.99, si
2018-09-28, 2.5, 15, 5, 0, 0, 0.65, 1.34, 6.51, 12.6, 500, 64.67, 30.00, -11.27, 144.77, Electronic Probe, 133.5, 296.93, 40, 80.1, 3.27, si
2018-09-29, 2.5, 0, 0, 0, 0, 0.65, 1.86, 6.51, -10.45, 500, 60.82, 30.00, -7.42, 140.92, Electronic Probe, 133.5, 286.48, 40, 80.1, 3.33, si
2018-09-30, 2.5, 0, 0, 0, 0, 0.65, 1.86, 6.51, -2.43, 500, 59.77, 30.00, -6.37, 139.87, Electronic Probe, 133.5, 284.05, 40, 80.1, 3.08, si
2018-10-01, 2.5, 0, 0, 0, 0, 0.98, 2.43, 6.51, -1.97, 500, 45.32, 18.65, -5.27, 138.77, Electronic Probe, 133.5, 282.08, 30, 93.45, 4.44, si
2018-10-02, 2.5, 0, 0, 0, 0, 0.98, 2.2, 6.51, -1.94, 500, 44.3, 20.14, -4.25, 137.75, Electronic Probe, 133.5, 280.14, 30, 93.45, 4.2, si
2018-10-03, 2.5, 0, 0, 0, 0, 0.98, 2.11, 6.51, -1.69, 500, 43.31, 20.49, -3.26, 136.76, Electronic Probe, 133.5, 278.45, 30, 93.45, 4.22, si
2018-10-04, 2.5, 0, 0, 0, 0, 0.98, 2.01, 6.51, -1.39, 500, 42.53, 21.19, -2.48, 135.98, Electronic Probe, 133.5, 277.06, 30, 93.45, 4.26, si
2018-10-05, 2.5, 0, 0, 0, 0, 0.98, 1.75, 6.51, -1.24, 500, 41.85, 23.95, -1.8, 135.3, Electronic Probe, 133.5, 275.82, 30, 93.45, 3.85, si
2018-10-06, 2.5, 0, 0, 0, 0, 0.98, 1.56, 6.51, -2.26, 500, 40.45, 25.85, -0.4, 133.9, Electronic Probe, 133.5, 273.56, 30, 93.45, 3.56, si
2018-10-07, 2.5, 0, 0, 0, 0, 0.98, 1.64, 6.51, -3.67, 500, 38.25, 23.25, 1.8, 131.7, Electronic Probe, 133.5, 269.88, 30, 93.45, 3.5, si
2018-10-08, 2.5, 0, 0, 0, 0, 0.98, 2.14, 6.51, -4.8, 500, 35.45, 16.57, 4.6, 128.9, Electronic Probe, 133.5, 265.09, 30, 93.45, 3.32, si
2018-10-09, 2.5, 0, 0, 0, 0, 0.98, 2.99, 6.51, 30.87, 500, 49.68, 16.60, -9.63, 143.13, Electronic Probe, 133.5, 295.95, 30, 93.45, 2.92, si
2018-10-10, 2.5, 0, 0, 0, 0, 0.98, 3.58, 6.51, -22.61, 500, 40.11, 11.21, -0.06, 133.56, Electronic Probe, 133.5, 273.35, 30, 93.45, 2.85, si
2018-10-11, 2.5, 0, 0, 0, 0, 0.98, 4.24, 6.51, -7.33, 500, 36.18, 8.54, 3.87, 129.63, Electronic Probe, 133.5, 266.02, 30, 93.45, 2.63, si
2018-10-12, 2.5, 0, 0, 0, 0, 0.98, 6.07, 6.51, -6.6, 500, 32.69, 5.39, 7.36, 126.14, Electronic Probe, 133.5, 259.42, 30, 93.45, 0, si
2018-10-13, 4.9, 0, 0, 0, 0, 0.75, 6.96, 4.99, -4.77, 500, 29.43, 4.23, 10.62, 122.88, Electronic Probe, 133.5, 254.65, 30, 93.45, 2.55, si
2018-10-14, 2.35, 0, 0, 0, 0, 0.47, 6.23, 3.14, -6.23, 500, 26.4, 4.24, 13.65, 119.85, Electronic Probe, 133.5, 248.41, 30, 93.45, 2.92, si
2018-10-15, 2.35, 0, 0, 2.7, 1.87, 0.69, 6.23, 4.6, 7.31, 500, 36.93, 5.93, 3.12, 130.38, Electronic Probe, 133.5, 255.72, 30, 93.45, 3.42, si
2018-10-16, 1.7, 0, 0, 0, 0, 0.69, 5.87, 4.6, -12.21, 500, 27.32, 4.66, 12.73, 120.77, Electronic Probe, 133.5, 243.52, 30, 93.45, 4.87, si
2018-10-17, 3.15, 0, 0, 0, 0, 0.69, 5.5, 4.6, -8.05, 500, 22.17, 4.03, 17.88, 115.62, Electronic Probe, 133.5, 235.47, 30, 93.45, 5.14, si
2018-10-18, 4.9, 0, 0, 5.3, 3.73, 0.69, 7.14, 4.6, -7.54, 500, 17.83, 2.50, 22.22, 111.28, Electronic Probe, 133.5, 227.93, 30, 93.45, 5.15, si
2018-10-19, 4.9, 0, 0, 5.3, 3.73, 0.69, 7.8, 4.6, 13.72, 500, 32.22, 4.13, 7.83, 125.67, Electronic Probe, 133.5, 241.65, 30, 93.45, 5.24, si
2018-10-20, 5.650001, 0, 0, 0, 0, 0.69, 7.8, 4.6, -10.44, 500, 24.81, 3.18, 15.24, 118.26, Electronic Probe, 133.5, 231.21, 30, 93.45, 5.52, si
2018-10-21, 8.1, 0, 0, 5.3, 3.73, 0.69, 7.8, 4.6, -9.28, 500, 18.52, 2.38, 21.53, 111.97, Electronic Probe, 133.5, 221.93, 30, 93.45, 5.1, si
2018-10-22, 12.8, 12.4, 3.7, 0, 0, 0.69, 8.41, 4.6, -8.74, 500, 12.93, 1.54, 27.12, 106.38, Electronic Probe, 133.5, 213.19, 30, 93.45, 5.33, si
2018-10-23, 11.7, 0, 0, 0, 0, 0.69, 9.01, 4.6, 40.15, 500, 35.39, 3.93, 4.66, 128.84, Electronic Probe, 133.5, 253.33, 30, 93.45, 5.93, si
2018-10-24, 10.9, 0, 0, 0, 0, 0.69, 9.01, 4.6, -26.36, 500, 23.45, 2.60, 16.6, 116.9, Electronic Probe, 133.5, 226.98, 30, 93.45, 5.5, si
2018-10-25, 11, 0, 0, 10.7, 7.47, 0.69, 9.01, 4.6, -15.1, 500, 15, 1.66, 25.05, 108.45, Electronic Probe, 133.5, 211.88, 30, 93.45, 5.17, si
2018-10-26, 13.15, 0, 0, 0, 0, 0.69, 11.92, 4.6, 53.5, 500, 37.88, 3.18, 2.17, 131.33, Electronic Probe, 133.5, 265.38, 30, 93.45, 4.53, si
2018-10-27, 14.300001, 0, 0, 0, 0, 0.69, 15.1, 4.6, -33.12, 500, 22.98, 1.52, 17.07, 116.43, Electronic Probe, 133.5, 232.27, 30, 93.45, 4.18, si
2018-10-28, 14.2, 0, 0, 0, 0, 0.69, 15.1, 4.6, -19.97, 500, 13.25, 0.88, 26.8, 106.7, Electronic Probe, 133.5, 212.29, 30, 93.45, 3.48, si
2018-10-29, 7.6, 0.6, 0, 0, 0, 0.69, 17.54, 4.6, -35.4, 500, 40.21, 2.29, -0.16, 133.66, Electronic Probe, 133.5, 176.89, 30, 93.45, 3.77, si
2018-10-30, 0, 53.2, 24.1, 10.7, 7.47, 0.69, 27.68, 4.6, 81.89, 500, 35.45, 1.28, 4.6, 128.9, Electronic Probe, 133.5, 258.78, 30, 93.45, 4.33, si
2018-10-31, 0, 0, 0, 0, 0, 0.69, 27.68, 4.6, 19.88, 500, 43.98, 1.59, -3.93, 137.43, Electronic Probe, 133.5, 278.66, 30, 93.45, 4.07, si
2018-11-01, 1.75, 0, 0, 0, 0, 1.38, 27.68, 4.6, -35.99, 500, 28.1, 1.01, 11.95, 121.55, Electronic Probe, 133.5, 242.68, 30, 93.45, 3.9, si
2018-11-02, 6.8, 0, 0, 0, 0, 1.38, 35.4, 4.6, 20.29, 500, 36.84, 1.04, 3.21, 130.29, Electronic Probe, 133.5, 262.96, 30, 93.45, 3.52, si
2018-11-03, 9.8, 0, 0, 0, 0, 1.74, 35.4, 5.81, -23.18, 500, 25.78, 0.73, 14.27, 119.23, Electronic Probe, 133.5, 239.78, 30, 93.45, 3.12, si
2018-11-04, 2.35, 5.4, 0.2, 0, 0, 0.87, 35.4, 2.89, -13.42, 500, 19.12, 0.54, 20.93, 112.57, Electronic Probe, 133.5, 226.36, 30, 93.45, 4.27, si
2018-11-05, 0, 3.6, 0, 0, 0, 1.38, 13.42, 4.6, 46.81, 500, 41.79, 3.11, -1.74, 135.24, Electronic Probe, 133.5, 273.17, 30, 93.45, 4.96, si
2018-11-06, 0, 0, 0, 5.3, 3.73, 1.38, 13.42, 4.6, -16.16, 500, 34.24, 2.55, 5.81, 127.69, Electronic Probe, 133.5, 257.01, 30, 93.45, 5.83, si
2018-11-07, 4.25, 0, 0, 0, 0, 1.38, 13.42, 4.6, 12.37, 500, 39.53, 2.95, 0.52, 132.98, Electronic Probe, 133.5, 269.38, 30, 93.45, 5.67, si
2018-11-08, 6.05, 0, 0, 10.7, 7.47, 1.38, 13.42, 4.6, -21.8, 500, 28.74, 2.14, 11.31, 122.19, Electronic Probe, 133.5, 247.58, 30, 93.45, 5.41, si
2018-11-09, 9.3, 0, 0, 0, 0, 1.79, 13.42, 5.97, 32.55, 500, 43.6, 3.25, -3.55, 137.05, Electronic Probe, 133.5, 280.12, 30, 93.45, 5.13, si
2018-11-10, 10.6, 0, 0, 0, 0, 1.89, 13.42, 6.29, -30.25, 500, 28.37, 2.11, 11.68, 121.82, Electronic Probe, 133.5, 249.87, 30, 93.45, 4.88, si
2018-11-11, 12.45, 0, 0, 0, 0, 1.91, 13.42, 6.38, -20.27, 500, 17.68, 1.32, 22.37, 111.13, Electronic Probe, 133.5, 229.6, 30, 93.45, 4.2, si
2018-11-12, 9, 0, 0, 5.3, 3.73, 1.55, 20.27, 5.18, -14.92, 500, 10.34, 0.51, 29.71, 103.79, Electronic Probe, 133.5, 214.68, 30, 93.45, 4.14, si
2018-11-13, 5.3, 0, 0, 0, 0, 1.32, 17.59, 4.39, 8.48, 500, 23.3, 1.32, 16.75, 116.75, Electronic Probe, 133.5, 223.17, 30, 93.45, 4.45, si
2018-11-14, 6.75, 0, 0, 10.7, 7.47, 1.58, 17.59, 5.27, -15.19, 500, 11.42, 0.65, 28.63, 104.87, Electronic Probe, 133.5, 207.97, 30, 93.45, 4.03, si
2018-11-15, 6.7, 0, 0, 5.3, 3.73, 1.44, 17.59, 4.81, 32.29, 500, 37.41, 2.13, 2.64, 130.86, Electronic Probe, 133.5, 240.26, 30, 93.45, 3.96, si
2018-11-16, 6.25, 0, 0, 0, 0, 1.39, 14.92, 4.64, -20.51, 500, 23.48, 1.57, 16.57, 116.93, Electronic Probe, 133.5, 219.76, 30, 93.45, 4.33, si
2018-11-17, 4.7, 0.2, 0, 5.3, 3.73, 1.42, 14.92, 4.73, 34.87, 500, 39.56, 2.65, 0.49, 133.01, Electronic Probe, 133.5, 254.63, 30, 93.45, 4.59, si
2018-11-18, 9.65, 0, 0, 0, 0, 1.83, 14.92, 6.09, -27.27, 500, 25.78, 1.73, 14.27, 119.23, Electronic Probe, 133.5, 227.36, 30, 93.45, 4.32, si
2018-11-19, 9.65, 0, 0, 10.7, 7.47, 1.38, 14.92, 4.6, -15.23, 500, 16.3, 1.09, 23.75, 109.75, Electronic Probe, 133.5, 212.13, 30, 93.45, 4.41, si
2018-11-20, 2.9, 0, 0, 10.7, 7.47, 1.38, 15.23, 4.6, 58.59, 500, 42.06, 2.76, -2.01, 135.51, Electronic Probe, 133.5, 270.72, 30, 93.45, 4.8, si
2018-11-21, 4.05, 0, 0, 0, 0, 1.46, 15.23, 4.86, 2.36, 500, 43.18, 2.84, -3.13, 136.63, Electronic Probe, 133.5, 273.08, 30, 93.45, 4.51, si
2018-11-22, 7.3, 0, 0, 0, 0, 1.69, 15.23, 5.64, -31.89, 500, 29.5, 1.94, 10.55, 122.95, Electronic Probe, 133.5, 241.19, 30, 93.45, 4.41, si
2018-11-23, 8.1, 0, 0, 0, 0, 1.78, 15.23, 5.94, -20.74, 500, 19.3, 1.27, 20.75, 112.75, Electronic Probe, 133.5, 220.45, 30, 93.45, 4.2, si
2018-11-24, 7.9, 0, 0, 0, 0, 1.75, 20.74, 5.83, -13.73, 500, 11.41, 0.55, 28.64, 104.86, Electronic Probe, 133.5, 206.72, 30, 93.45, 4.49, si
2018-11-25, 6.1, 0, 0, 10.7, 7.47, 1.47, 17.23, 4.9, -7.78, 500, 6.72, 0.39, 33.33, 100.17, Electronic Probe, 133.5, 198.94, 30, 93.45, 4.84, si
2018-11-26, 6.7, 0, 0, 0, 0, 1.46, 14.08, 4.85, -4.91, 500, 3.99, 0.28, 36.06, 97.44, Electronic Probe, 133.5, 194.03, 30, 93.45, 5, si
2018-11-27, 1.75, 0, 0, 0, 0, 0.72, 11.79, 2.41, 27.55, 500, 28.16, 2.39, 11.89, 121.61, Electronic Probe, 133.5, 221.57, 30, 93.45, 5.3, si
2018-11-28, 1.95, 0, 0, 10.7, 7.47, 1.49, 8.81, 4.98, -76.16, 500, 19.8, 2.25, 20.25, 113.25, Electronic Probe, 133.5, 145.41, 30, 93.45, 4.36, si
2018-11-29, 7.4, 0, 0, 0, 0, 1.38, 6.34, 4.6, 0, 500, 18.42, 2.90, 21.63, 111.87, software, 133.5, 0, 30, 93.45, 3.5, si
2018-11-30, 9.75, 0, 0, 0, 0, 1.98, 4.91, 6.61, 270.08, 500, 40.06, 8.16, -0.01, 133.51, Electronic Probe, 133.5, 270.08, 30, 93.45, 3.38, si
2018-12-01, 5.55, 0, 0, 10.7, 7.47, 2.32, 4.91, 4.63, -30.89, 500, 13.84, 2.82, 12.86, 120.64, Electronic Probe, 133.5, 239.19, 20, 106.8, 3.51, si
2018-12-02, 5.400001, 0, 0, 0, 0, 2.4, 4.91, 4.8, -16.94, 500, 5.96, 1.21, 20.74, 112.76, Electronic Probe, 133.5, 222.26, 20, 106.8, 3.68, si
2018-12-03, 2, 0.2, 0, 0, 0, 0.82, 16.94, 1.63, -10.33, 500, 0.15, 0.01, 26.55, 106.95, Electronic Probe, 133.5, 211.93, 20, 106.8, 3.35, si
2018-12-04, 1.75, 0.2, 0, 0, 0, 1.87, 13.63, 3.74, 52.76, 500, 24.16, 1.77, 2.54, 130.96, Electronic Probe, 133.5, 264.68, 20, 106.8, 3.1, si
2018-12-05, 5.15, 0, 0, 0, 0, 2.9, 13.63, 5.8, -24.61, 500, 13.76, 1.01, 12.94, 120.56, Electronic Probe, 133.5, 240.07, 20, 106.8, 3.02, si
2018-12-06, 4.25, 0, 0, 10.7, 7.47, 1.21, 13.63, 2.41, 26.83, 500, 24.9, 1.83, 1.8, 131.7, Electronic Probe, 133.5, 266.9, 20, 106.8, 3.73, si
2018-12-07, 1.7, 35.8, 15.4, 0, 0, 0.38, 10.33, 0.75, 68.79, 500, 50.31, 4.87, -23.61, 157.11, Electronic Probe, 133.5, 335.69, 20, 106.8, 4.09, si
2018-12-08, 3.2, 0.2, 0, 0, 0, 1.82, 10.33, 3.63, -58, 500, 28.31, 2.74, -1.61, 135.11, Electronic Probe, 133.5, 277.69, 20, 106.8, 4.23, si
2018-12-09, 4.9, 0, 0, 0, 0, 2.09, 10.33, 4.17, -19.57, 500, 19.43, 1.88, 7.27, 126.23, Electronic Probe, 133.5, 258.12, 20, 106.8, 4.15, si
2018-12-10, 7.35, 0, 0, 0, 0, 2.77, 19.57, 5.53, -19.1, 500, 11.2, 0.57, 15.5, 118, Electronic Probe, 133.5, 239.02, 20, 106.8, 4.08, si
2018-12-11, 9.4, 0, 0, 10.7, 7.47, 3.09, 19.34, 6.17, -17.93, 500, 2.91, 0.15, 23.79, 109.71, Electronic Probe, 133.5, 221.09, 20, 106.8, 4.39, si
2018-12-12, 4.95, 0.2, 0, 0, 0, 1.61, 18.87, 3.21, 62.99, 500, 31.44, 1.67, -4.74, 138.24, Electronic Probe, 133.5, 284.09, 20, 106.8, 4.89, si
2018-12-13, 3.8, 0, 0, 10.7, 7.47, 2.95, 18.87, 5.9, -32, 500, 18.51, 0.98, 8.19, 125.31, Electronic Probe, 133.5, 252.09, 20, 106.8, 4.85, si
2018-12-14, 5.85, 0, 0, 0, 0, 2.85, 18.52, 5.69, -49.37, 500, 41.45, 2.24, -14.75, 148.25, Electronic Probe, 133.5, 202.72, 20, 106.8, 4.73, si
2018-12-15, 9.05, 0, 0, 0, 0, 2.97, 33.65, 5.94, 0, 500, 38.38, 1.14, -11.68, 145.18, software, 133.5, 0, 20, 106.8, 4.82, si
2018-12-16, 12.95, 0, 0, 0, 0, 3.3, 49.37, 6.59, 0, 500, 34.98, 0.71, -8.28, 141.78, software, 133.5, 0, 20, 106.8, 4.66, si
2018-12-17, 10.65, 0, 0, 16, 11.2, 3.07, 49.37, 6.14, 0, 500, 43.01, 0.87, -16.31, 149.81, software, 133.5, 0, 20, 106.8, 4.23, si
2018-12-18, 6.150001, 0, 0, 0, 0, 3, 49.37, 6, 0, 500, 39.91, 0.81, -13.21, 146.71, software, 133.5, 0, 20, 106.8, 4.57, si
2018-12-19, 5.25, 0, 0, 10.7, 7.47, 1.68, 49.37, 3.36, 274.57, 500, 27.31, 0.55, -0.61, 134.11, Electronic Probe, 133.5, 274.57, 20, 106.8, 4.96, si
2018-12-20, 7.7, 0, 0, 10.7, 7.47, 2.84, 49.37, 5.67, -28.79, 500, 15.83, 0.32, 10.87, 122.63, Electronic Probe, 133.5, 245.78, 20, 106.8, 4.89, si
2018-12-21, 9.45, 0, 0, 0, 0, 2.72, 49.37, 5.43, 53.42, 500, 35.83, 0.73, -9.13, 142.63, Electronic Probe, 133.5, 299.2, 20, 106.8, 4.34, si
2018-12-22, 9, 0, 0, 0, 0, 2.81, 49.37, 5.62, -41.38, 500, 20.41, 0.41, 6.29, 127.21, Electronic Probe, 133.5, 257.83, 20, 106.8, 4.35, si
2018-12-23, 9.4, 0, 0, 10.7, 7.47, 3.05, 49.37, 6.1, -24.56, 500, 9.8, 0.20, 16.9, 116.6, Electronic Probe, 133.5, 233.27, 20, 106.8, 3.81, si
2018-12-24, 8.55, 0.2, 0, 0, 0, 2.75, 24.56, 5.5, 53.47, 500, 31.87, 1.30, -5.17, 138.67, Electronic Probe, 133.5, 286.74, 20, 106.8, 3.8, si
2018-12-25, 8.05, 0, 0, 0, 0, 3.05, 24.56, 6.1, -38.98, 500, 17.07, 0.70, 9.63, 123.87, Electronic Probe, 133.5, 247.76, 20, 106.8, 4.6, si
2018-12-26, 7.7, 0, 0, 10.7, 7.47, 1.95, 24.56, 3.9, -20.33, 500, 7.78, 0.32, 18.92, 114.58, Electronic Probe, 133.5, 227.43, 20, 106.8, 5.13, si
2018-12-27, 3.1, 3, 0, 0, 0, 1.59, 22.45, 3.17, 103.3, 500, 45.45, 2.02, -18.75, 152.25, Electronic Probe, 133.5, 330.73, 20, 106.8, 5.61, si
2018-12-28, 7, 0, 0, 0, 0, 2.94, 20.33, 5.87, -71.53, 500, 21.9, 1.08, 4.8, 128.7, Electronic Probe, 133.5, 259.2, 20, 106.8, 5.87, si
2018-12-29, 9.45, 0, 0, 10.7, 7.47, 3.37, 20.33, 6.73, -29.38, 500, 9.48, 0.47, 17.22, 116.28, Electronic Probe, 133.5, 229.82, 20, 106.8, 5.64, si
2018-12-30, 8.2, 0, 0, 0, 0, 3.19, 24.86, 6.37, -18.12, 500, -0.33, -0.01, 27.03, 106.47, Electronic Probe, 133.5, 211.69, 20, 106.8, 5.78, si
2018-12-31, 12.4, 0, 0, 0, 0, 3.41, 23.75, 6.82, 47.35, 500, 23.5, 0.99, 3.2, 130.3, Electronic Probe, 133.5, 259.05, 20, 106.8, 5.39, si
2019-01-01, 8.05, 0, 0, 16, 11.2, 2.77, 23.75, 5.53, -29.93, 500, 10.41, 0.44, 16.29, 117.21, Electronic Probe, 133.5, 229.12, 20, 106.8, 5.53, si
2019-01-02, 10.6, 0, 0, 0, 0, 3.08, 23.75, 6.16, -17.62, 500, 0.7, 0.03, 26, 107.5, Electronic Probe, 133.5, 211.51, 20, 106.8, 5.52, si
2019-01-03, 11, 0, 0, 0, 0, 3.25, 17.87, 6.5, 68.25, 500, 29.38, 1.64, -2.68, 136.18, Electronic Probe, 133.5, 279.75, 20, 106.8, 5.36, si
2019-01-04, 10.3, 0, 0, 10.7, 7.47, 3.16, 17.62, 6.32, -40.17, 500, 14.06, 0.80, 12.64, 120.86, Electronic Probe, 133.5, 239.59, 20, 106.8, 5.61, si
2019-01-05, 7.75, 0, 0, 0, 0, 2.77, 17.62, 5.53, 46.35, 500, 31.48, 1.79, -4.78, 138.28, Electronic Probe, 133.5, 285.93, 20, 106.8, 5.16, si
2019-01-06, 12, 0, 0, 0, 0, 3.57, 17.62, 7.14, -43.24, 500, 15.64, 0.89, 11.06, 122.44, Electronic Probe, 133.5, 242.7, 20, 106.8, 4.85, si
2019-01-07, 11.3, 0, 0, 10.7, 7.47, 3.27, 17.62, 6.53, 39.72, 500, 30.71, 1.74, -4.01, 137.51, Electronic Probe, 133.5, 282.42, 20, 106.8, 3.99, si
2019-01-08, 8.65, 0, 0, 0, 0, 3.05, 17.62, 6.1, -37.94, 500, 16.5, 0.94, 10.2, 123.3, Electronic Probe, 133.5, 244.48, 20, 106.8, 3.31, si
2019-01-09, 8.75, 0, 0, 0, 0, 2.46, 17.62, 4.92, 41.76, 500, 31.93, 1.81, -5.23, 138.73, Electronic Probe, 133.5, 286.24, 20, 106.8, 3.13, si
2019-01-10, 5.95, 0, 0, 0, 0, 2.18, 17.62, 4.36, -35.82, 500, 18.97, 1.08, 7.73, 125.77, Electronic Probe, 133.5, 250.42, 20, 106.8, 3.46, si
2019-01-11, 5.95, 4.4, 0, 0, 0, 3.05, 17.62, 6.1, 43.91, 500, 34.22, 1.94, -7.52, 141.02, Electronic Probe, 133.5, 294.33, 20, 106.8, 3.96, si
2019-01-12, 5.55, 2.6, 0, 0, 0, 3.05, 17.62, 6.1, 4.88, 500, 36.55, 2.07, -9.85, 143.35, Electronic Probe, 133.5, 299.21, 20, 106.8, 4.32, si
2019-01-13, 7, 1.2, 0, 0, 0, 3.05, 17.62, 6.1, -23.39, 500, 29.82, 1.69, -3.12, 136.62, Electronic Probe, 133.5, 275.82, 20, 106.8, 4.41, si
2019-01-14, 6.25, 0, 0, 10.7, 7.47, 2.44, 17.62, 4.87, -25.09, 500, 20.26, 1.15, 6.44, 127.06, Electronic Probe, 133.5, 250.74, 20, 106.8, 4.09, si
2019-01-15, 7.5, 0, 0, 0, 0, 2.78, 25.09, 5.56, 24.23, 500, 29.17, 1.16, -2.47, 135.97, Electronic Probe, 133.5, 274.97, 20, 106.8, 4.55, si
2019-01-16, 11.35, 0, 0, 10.7, 7.47, 3.06, 25.09, 6.12, -32.51, 500, 16.61, 0.66, 10.09, 123.41, Electronic Probe, 133.5, 242.46, 20, 106.8, 4.83, si
2019-01-17, 9.2, 0, 0, 0, 0, 2.53, 25.09, 5.06, 47.7, 500, 33.29, 1.33, -6.59, 140.09, Electronic Probe, 133.5, 290.15, 20, 106.8, 4.76, si
2019-01-18, 3, 0.4, 0, 10.7, 7.47, 1.17, 25.09, 2.33, -31.34, 500, 21.54, 0.86, 5.16, 128.34, Electronic Probe, 133.5, 258.81, 20, 106.8, 4.86, si
2019-01-19, 2.95, 0, 0, 0, 0, 2.45, 25.09, 4.89, 45.46, 500, 38.06, 1.52, -11.36, 144.86, Electronic Probe, 133.5, 304.27, 20, 106.8, 5.5, si
2019-01-20, 8.4, 0, 0, 10.7, 7.47, 2.79, 25.09, 5.58, -38.98, 500, 24.19, 0.96, 2.51, 130.99, Electronic Probe, 133.5, 265.29, 20, 106.8, 5.61, si
2019-01-21, 8.75, 0, 0, 0, 0, 3.16, 25.09, 6.31, -24.21, 500, 14.02, 0.56, 12.68, 120.82, Electronic Probe, 133.5, 241.08, 20, 106.8, 5.35, si
2019-01-22, 7.3, 0, 0, 10.7, 7.47, 2.74, 24.21, 5.47, 46.88, 500, 32.05, 1.32, -5.35, 138.85, Electronic Probe, 133.5, 287.97, 20, 106.8, 5.2, si
2019-01-23, 4.95, 0, 0, 0, 0, 3, 24.21, 6, -30.86, 500, 20.02, 0.83, 6.68, 126.82, Electronic Probe, 133.5, 257.1, 20, 106.8, 5.66, si
2019-01-24, 7.55, 0, 0, 10.7, 7.47, 2.78, 24.21, 5.55, -18.96, 500, 12.01, 0.50, 14.69, 118.81, Electronic Probe, 133.5, 238.14, 20, 106.8, 6.23, si
2019-01-25, 9.95, 0, 0, 0, 0, 3.05, 21.59, 6.1, 67.4, 500, 41.36, 1.92, -14.66, 148.16, Electronic Probe, 133.5, 305.54, 20, 106.8, 5.49, si
2019-01-26, 9.95, 0, 0, 0, 0, 3, 18.96, 6, -52.2, 500, 20, 1.05, 6.7, 126.8, Electronic Probe, 133.5, 253.34, 20, 106.8, 5.67, si
2019-01-27, 13.05, 0, 0, 0, 0, 2.95, 18.96, 5.9, -14.52, 500, 18.78, 0.99, 7.92, 125.58, Electronic Probe, 133.5, 238.82, 20, 106.8, 5.35, si
2019-01-28, 15.800001, 0, 0, 10.7, 7.47, 3.68, 16.74, 7.36, -17.4, 500, 7.83, 0.47, 18.87, 114.63, Electronic Probe, 133.5, 221.42, 20, 106.8, 4.72, si
2019-01-29, 15.800001, 0, 0, 0, 0, 2.95, 15.96, 5.9, 41.32, 500, 24.34, 1.53, 2.36, 131.14, Electronic Probe, 133.5, 262.74, 20, 106.8, 4.06, si
2019-01-30, 8.25, 0, 0, 10.7, 7.47, 2.95, 15.96, 5.9, 0, 500, 28.76, 1.80, -2.06, 135.56, software, 133.5, 0, 20, 106.8, 4.13, si
2019-01-31, 10.7, 0, 0, 0, 0, 3, 15.96, 5.99, 0, 500, 25.76, 1.61, 0.94, 132.56, software, 133.5, 0, 20, 106.8, 4.71, si
2019-02-01, 12.9, 0, 0, 0, 0, 3.35, 17.4, 6.7, 0, 500, 22.41, 1.29, 4.29, 129.21, software, 133.5, 0, 20, 106.8, 4.36, si
